size,sparsity,min,max,runtime,hardware
100,0.0,1,100,0,1_8
100,0.0,1,1000,0,1_8
100,0.0,1,10000,0,1_8
100,0.0,10,100,0,1_8
100,0.0,10,1000,0,1_8
100,0.0,10,10000,0,1_8
100,0.0,50,100,0,1_8
100,0.0,50,1000,0,1_8
100,0.0,50,10000,0,1_8
100,0.25,1,100,0,1_8
100,0.25,1,1000,0,1_8
100,0.25,1,10000,0,1_8
100,0.25,10,100,0,1_8
100,0.25,10,1000,0,1_8
100,0.25,10,10000,0,1_8
100,0.25,50,100,0,1_8
100,0.25,50,1000,0,1_8
100,0.25,50,10000,0,1_8
100,0.5,1,100,0,1_8
100,0.5,1,1000,0,1_8
100,0.5,1,10000,0,1_8
100,0.5,10,100,0,1_8
100,0.5,10,1000,0,1_8
100,0.5,10,10000,0,1_8
100,0.5,50,100,0,1_8
100,0.5,50,1000,0,1_8
100,0.5,50,10000,0,1_8
100,0.75,1,100,0,1_8
100,0.75,1,1000,0,1_8
100,0.75,1,10000,0,1_8
100,0.75,10,100,0,1_8
100,0.75,10,1000,0,1_8
100,0.75,10,10000,0,1_8
100,0.75,50,100,0,1_8
100,0.75,50,1000,0,1_8
100,0.75,50,10000,0,1_8
200,0.0,1,100,0,1_8
200,0.0,1,1000,0,1_8
200,0.0,1,10000,0,1_8
200,0.0,10,100,0,1_8
200,0.0,10,1000,0,1_8
200,0.0,10,10000,0,1_8
200,0.0,50,100,0,1_8
200,0.0,50,1000,0,1_8
200,0.0,50,10000,0,1_8
200,0.25,1,100,0,1_8
200,0.25,1,1000,0,1_8
200,0.25,1,10000,0,1_8
200,0.25,10,100,0,1_8
200,0.25,10,1000,0,1_8
200,0.25,10,10000,0,1_8
200,0.25,50,100,0,1_8
200,0.25,50,1000,0,1_8
200,0.25,50,10000,0,1_8
200,0.5,1,100,0,1_8
200,0.5,1,1000,0,1_8
200,0.5,1,10000,0,1_8
200,0.5,10,100,0,1_8
200,0.5,10,1000,0,1_8
200,0.5,10,10000,0,1_8
200,0.5,50,100,0,1_8
200,0.5,50,1000,0,1_8
200,0.5,50,10000,0,1_8
200,0.75,1,100,0,1_8
200,0.75,1,1000,0,1_8
200,0.75,1,10000,0,1_8
200,0.75,10,100,0,1_8
200,0.75,10,1000,0,1_8
200,0.75,10,10000,0,1_8
200,0.75,50,100,0,1_8
200,0.75,50,1000,0,1_8
200,0.75,50,10000,0,1_8
300,0.0,1,100,0,1_8
300,0.0,1,1000,0,1_8
300,0.0,1,10000,0,1_8
300,0.0,10,100,0,1_8
300,0.0,10,1000,0,1_8
300,0.0,10,10000,0,1_8
300,0.0,50,100,0,1_8
300,0.0,50,1000,0,1_8
300,0.0,50,10000,0,1_8
300,0.25,1,100,0,1_8
300,0.25,1,1000,0,1_8
300,0.25,1,10000,0,1_8
300,0.25,10,100,0,1_8
300,0.25,10,1000,0,1_8
300,0.25,10,10000,0,1_8
300,0.25,50,100,0,1_8
300,0.25,50,1000,0,1_8
300,0.25,50,10000,0,1_8
300,0.5,1,100,0,1_8
300,0.5,1,1000,0,1_8
300,0.5,1,10000,0,1_8
300,0.5,10,100,0,1_8
300,0.5,10,1000,0,1_8
300,0.5,10,10000,0,1_8
300,0.5,50,100,0,1_8
300,0.5,50,1000,0,1_8
300,0.5,50,10000,0,1_8
300,0.75,1,100,0,1_8
300,0.75,1,1000,0,1_8
300,0.75,1,10000,0,1_8
300,0.75,10,100,0,1_8
300,0.75,10,1000,0,1_8
300,0.75,10,10000,0,1_8
300,0.75,50,100,0,1_8
300,0.75,50,1000,0,1_8
300,0.75,50,10000,0,1_8
400,0.0,1,100,0,1_8
400,0.0,1,1000,0,1_8
400,0.0,1,10000,0,1_8
400,0.0,10,100,0,1_8
400,0.0,10,1000,0,1_8
400,0.0,10,10000,0,1_8
400,0.0,50,100,0,1_8
400,0.0,50,1000,0,1_8
400,0.0,50,10000,0,1_8
400,0.25,1,100,1,1_8
400,0.25,1,1000,0,1_8
400,0.25,1,10000,0,1_8
400,0.25,10,100,0,1_8
400,0.25,10,1000,0,1_8
400,0.25,10,10000,0,1_8
400,0.25,50,100,0,1_8
400,0.25,50,1000,0,1_8
400,0.25,50,10000,0,1_8
400,0.5,1,100,0,1_8
400,0.5,1,1000,0,1_8
400,0.5,1,10000,0,1_8
400,0.5,10,100,0,1_8
400,0.5,10,1000,0,1_8
400,0.5,10,10000,0,1_8
400,0.5,50,100,0,1_8
400,0.5,50,1000,0,1_8
400,0.5,50,10000,0,1_8
400,0.75,1,100,0,1_8
400,0.75,1,1000,0,1_8
400,0.75,1,10000,0,1_8
400,0.75,10,100,0,1_8
400,0.75,10,1000,0,1_8
400,0.75,10,10000,0,1_8
400,0.75,50,100,0,1_8
400,0.75,50,1000,0,1_8
400,0.75,50,10000,0,1_8
500,0.0,1,100,0,1_8
500,0.0,1,1000,0,1_8
500,0.0,1,10000,0,1_8
500,0.0,10,100,0,1_8
500,0.0,10,1000,0,1_8
500,0.0,10,10000,0,1_8
500,0.0,50,100,0,1_8
500,0.0,50,1000,0,1_8
500,0.0,50,10000,0,1_8
500,0.25,1,100,0,1_8
500,0.25,1,1000,0,1_8
500,0.25,1,10000,0,1_8
500,0.25,10,100,0,1_8
500,0.25,10,1000,0,1_8
500,0.25,10,10000,0,1_8
500,0.25,50,100,0,1_8
500,0.25,50,1000,0,1_8
500,0.25,50,10000,0,1_8
500,0.5,1,100,0,1_8
500,0.5,1,1000,0,1_8
500,0.5,1,10000,0,1_8
500,0.5,10,100,0,1_8
500,0.5,10,1000,0,1_8
500,0.5,10,10000,0,1_8
500,0.5,50,100,0,1_8
500,0.5,50,1000,0,1_8
500,0.5,50,10000,0,1_8
500,0.75,1,100,0,1_8
500,0.75,1,1000,0,1_8
500,0.75,1,10000,0,1_8
500,0.75,10,100,0,1_8
500,0.75,10,1000,0,1_8
500,0.75,10,10000,0,1_8
500,0.75,50,100,0,1_8
500,0.75,50,1000,0,1_8
500,0.75,50,10000,0,1_8
750,0.0,1,100,0,1_8
750,0.0,1,1000,0,1_8
750,0.0,1,10000,0,1_8
750,0.0,10,100,0,1_8
750,0.0,10,1000,0,1_8
750,0.0,10,10000,0,1_8
750,0.0,50,100,0,1_8
750,0.0,50,1000,0,1_8
750,0.0,50,10000,0,1_8
750,0.25,1,100,0,1_8
750,0.25,1,1000,0,1_8
750,0.25,1,10000,0,1_8
750,0.25,10,100,0,1_8
750,0.25,10,1000,0,1_8
750,0.25,10,10000,0,1_8
750,0.25,50,100,0,1_8
750,0.25,50,1000,0,1_8
750,0.25,50,10000,0,1_8
750,0.5,1,100,0,1_8
750,0.5,1,1000,0,1_8
750,0.5,1,10000,0,1_8
750,0.5,10,100,0,1_8
750,0.5,10,1000,1,1_8
750,0.5,10,10000,0,1_8
750,0.5,50,100,0,1_8
750,0.5,50,1000,0,1_8
750,0.5,50,10000,0,1_8
750,0.75,1,100,0,1_8
750,0.75,1,1000,0,1_8
750,0.75,1,10000,0,1_8
750,0.75,10,100,0,1_8
750,0.75,10,1000,0,1_8
750,0.75,10,10000,0,1_8
750,0.75,50,100,0,1_8
750,0.75,50,1000,0,1_8
750,0.75,50,10000,0,1_8
1000,0.0,1,100,0,1_8
1000,0.0,1,1000,1,1_8
1000,0.0,1,10000,0,1_8
1000,0.0,10,100,0,1_8
1000,0.0,10,1000,0,1_8
1000,0.0,10,10000,0,1_8
1000,0.0,50,100,0,1_8
1000,0.0,50,1000,0,1_8
1000,0.0,50,10000,0,1_8
1000,0.25,1,100,0,1_8
1000,0.25,1,1000,55,1_8
1000,0.25,1,10000,0,1_8
1000,0.25,10,100,0,1_8
1000,0.25,10,1000,0,1_8
1000,0.25,10,10000,0,1_8
1000,0.25,50,100,0,1_8
1000,0.25,50,1000,0,1_8
1000,0.25,50,10000,0,1_8
1000,0.5,1,100,1,1_8
1000,0.5,1,1000,0,1_8
1000,0.5,1,10000,0,1_8
1000,0.5,10,100,0,1_8
1000,0.5,10,1000,0,1_8
1000,0.5,10,10000,0,1_8
1000,0.5,50,100,0,1_8
1000,0.5,50,1000,0,1_8
1000,0.5,50,10000,0,1_8
1000,0.75,1,100,1,1_8
1000,0.75,1,1000,0,1_8
1000,0.75,1,10000,0,1_8
1000,0.75,10,100,0,1_8
1000,0.75,10,1000,0,1_8
1000,0.75,10,10000,0,1_8
1000,0.75,50,100,0,1_8
1000,0.75,50,1000,0,1_8
1000,0.75,50,10000,1,1_8
2000,0.0,1,100,1,1_8
2000,0.0,1,1000,1,1_8
2000,0.0,1,10000,0,1_8
2000,0.0,10,100,55,1_8
2000,0.0,10,1000,1,1_8
2000,0.0,10,10000,1,1_8
2000,0.0,50,100,0,1_8
2000,0.0,50,1000,1,1_8
2000,0.0,50,10000,1,1_8
2000,0.25,1,100,1,1_8
2000,0.25,1,1000,0,1_8
2000,0.25,1,10000,55,1_8
2000,0.25,10,100,1,1_8
2000,0.25,10,1000,1,1_8
2000,0.25,10,10000,0,1_8
2000,0.25,50,100,1,1_8
2000,0.25,50,1000,1,1_8
2000,0.25,50,10000,1,1_8
2000,0.5,1,100,0,1_8
2000,0.5,1,1000,55,1_8
2000,0.5,1,10000,1,1_8
2000,0.5,10,100,1,1_8
2000,0.5,10,1000,0,1_8
2000,0.5,10,10000,1,1_8
2000,0.5,50,100,1,1_8
2000,0.5,50,1000,1,1_8
2000,0.5,50,10000,0,1_8
2000,0.75,1,100,55,1_8
2000,0.75,1,1000,1,1_8
2000,0.75,1,10000,1,1_8
2000,0.75,10,100,0,1_8
2000,0.75,10,1000,1,1_8
2000,0.75,10,10000,1,1_8
2000,0.75,50,100,1,1_8
2000,0.75,50,1000,0,1_8
2000,0.75,50,10000,55,1_8
3000,0.0,1,100,3,1_8
3000,0.0,1,1000,2,1_8
3000,0.0,1,10000,57,1_8
3000,0.0,10,100,2,1_8
3000,0.0,10,1000,57,1_8
3000,0.0,10,10000,2,1_8
3000,0.0,50,100,57,1_8
3000,0.0,50,1000,2,1_8
3000,0.0,50,10000,3,1_8
3000,0.25,1,100,56,1_8
3000,0.25,1,1000,3,1_8
3000,0.25,1,10000,56,1_8
3000,0.25,10,100,3,1_8
3000,0.25,10,1000,2,1_8
3000,0.25,10,10000,57,1_8
3000,0.25,50,100,2,1_8
3000,0.25,50,1000,57,1_8
3000,0.25,50,10000,2,1_8
3000,0.5,1,100,57,1_8
3000,0.5,1,1000,2,1_8
3000,0.5,1,10000,3,1_8
3000,0.5,10,100,56,1_8
3000,0.5,10,1000,3,1_8
3000,0.5,10,10000,56,1_8
3000,0.5,50,100,3,1_8
3000,0.5,50,1000,2,1_8
3000,0.5,50,10000,57,1_8
3000,0.75,1,100,2,1_8
3000,0.75,1,1000,56,1_8
3000,0.75,1,10000,3,1_8
3000,0.75,10,100,56,1_8
3000,0.75,10,1000,3,1_8
3000,0.75,10,10000,2,1_8
3000,0.75,50,100,57,1_8
3000,0.75,50,1000,2,1_8
3000,0.75,50,10000,57,1_8
4000,0.0,1,100,60,1_8
4000,0.0,1,1000,59,1_8
4000,0.0,1,10000,59,1_8
4000,0.0,10,100,60,1_8
4000,0.0,10,1000,60,1_8
4000,0.0,10,10000,60,1_8
4000,0.0,50,100,60,1_8
4000,0.0,50,1000,60,1_8
4000,0.0,50,10000,60,1_8
4000,0.25,1,100,60,1_8
4000,0.25,1,1000,5,1_8
4000,0.25,1,10000,5,1_8
4000,0.25,10,100,60,1_8
4000,0.25,10,1000,60,1_8
4000,0.25,10,10000,60,1_8
4000,0.25,50,100,60,1_8
4000,0.25,50,1000,60,1_8
4000,0.25,50,10000,60,1_8
4000,0.5,1,100,60,1_8
4000,0.5,1,1000,60,1_8
4000,0.5,1,10000,59,1_8
4000,0.5,10,100,59,1_8
4000,0.5,10,1000,60,1_8
4000,0.5,10,10000,60,1_8
4000,0.5,50,100,60,1_8
4000,0.5,50,1000,60,1_8
4000,0.5,50,10000,60,1_8
4000,0.75,1,100,60,1_8
4000,0.75,1,1000,60,1_8
4000,0.75,1,10000,60,1_8
4000,0.75,10,100,60,1_8
4000,0.75,10,1000,60,1_8
4000,0.75,10,10000,60,1_8
4000,0.75,50,100,60,1_8
4000,0.75,50,1000,60,1_8
4000,0.75,50,10000,60,1_8
5000,0.0,1,100,122,1_8
5000,0.0,1,1000,175,1_8
5000,0.0,1,10000,122,1_8
5000,0.0,10,100,122,1_8
5000,0.0,10,1000,176,1_8
5000,0.0,10,10000,121,1_8
5000,0.0,50,100,122,1_8
5000,0.0,50,1000,121,1_8
5000,0.0,50,10000,175,1_8
5000,0.25,1,100,122,1_8
5000,0.25,1,1000,121,1_8
5000,0.25,1,10000,121,1_8
5000,0.25,10,100,176,1_8
5000,0.25,10,1000,121,1_8
5000,0.25,10,10000,121,1_8
5000,0.25,50,100,176,1_8
5000,0.25,50,1000,122,1_8
5000,0.25,50,10000,121,1_8
5000,0.5,1,100,121,1_8
5000,0.5,1,1000,176,1_8
5000,0.5,1,10000,121,1_8
5000,0.5,10,100,121,1_8
5000,0.5,10,1000,176,1_8
5000,0.5,10,10000,121,1_8
5000,0.5,50,100,121,1_8
5000,0.5,50,1000,122,1_8
5000,0.5,50,10000,176,1_8
5000,0.75,1,100,121,1_8
5000,0.75,1,1000,122,1_8
5000,0.75,1,10000,176,1_8
5000,0.75,10,100,121,1_8
5000,0.75,10,1000,122,1_8
5000,0.75,10,10000,122,1_8
5000,0.75,50,100,175,1_8
5000,0.75,50,1000,121,1_8
5000,0.75,50,10000,122,1_8
7500,0.0,1,100,659,1_8
7500,0.0,1,1000,658,1_8
7500,0.0,1,10000,603,1_8
7500,0.0,10,100,660,1_8
7500,0.0,10,1000,662,1_8
7500,0.0,10,10000,659,1_8
7500,0.0,50,100,663,1_8
7500,0.0,50,1000,717,1_8
7500,0.0,50,10000,659,1_8
7500,0.25,1,100,659,1_8
7500,0.25,1,1000,659,1_8
7500,0.25,1,10000,604,1_8
7500,0.25,10,100,604,1_8
7500,0.25,10,1000,658,1_8
7500,0.25,10,10000,657,1_8
7500,0.25,50,100,661,1_8
7500,0.25,50,1000,661,1_8
7500,0.25,50,10000,715,1_8
7500,0.5,1,100,603,1_8
7500,0.5,1,1000,658,1_8
7500,0.5,1,10000,658,1_8
7500,0.5,10,100,659,1_8
7500,0.5,10,1000,657,1_8
7500,0.5,10,10000,659,1_8
7500,0.5,50,100,662,1_8
7500,0.5,50,1000,658,1_8
7500,0.5,50,10000,659,1_8
7500,0.75,1,100,659,1_8
7500,0.75,1,1000,659,1_8
7500,0.75,1,10000,717,1_8
7500,0.75,10,100,663,1_8
7500,0.75,10,1000,718,1_8
7500,0.75,10,10000,716,1_8
7500,0.75,50,100,603,1_8
7500,0.75,50,1000,660,1_8
7500,0.75,50,10000,661,1_8
10000,0.0,1,100,1504,1_8
10000,0.0,1,1000,1500,1_8
10000,0.0,1,10000,1441,1_8
10000,0.0,10,100,1442,1_8
10000,0.0,10,1000,1500,1_8
10000,0.0,10,10000,1558,1_8
10000,0.0,50,100,1501,1_8
10000,0.0,50,1000,1558,1_8
10000,0.0,50,10000,1501,1_8
10000,0.25,1,100,1441,1_8
10000,0.25,1,1000,1561,1_8
10000,0.25,1,10000,1561,1_8
10000,0.25,10,100,1558,1_8
10000,0.25,10,1000,1440,1_8
10000,0.25,10,10000,1500,1_8
10000,0.25,50,100,1502,1_8
10000,0.25,50,1000,1559,1_8
10000,0.25,50,10000,1558,1_8
10000,0.5,1,100,1496,1_8
10000,0.5,1,1000,1559,1_8
10000,0.5,1,10000,1500,1_8
10000,0.5,10,100,1557,1_8
10000,0.5,10,1000,1502,1_8
10000,0.5,10,10000,1556,1_8
10000,0.5,50,100,1498,1_8
10000,0.5,50,1000,1561,1_8
10000,0.5,50,10000,1441,1_8
10000,0.75,1,100,1563,1_8
10000,0.75,1,1000,1496,1_8
10000,0.75,1,10000,1498,1_8
10000,0.75,10,100,1501,1_8
10000,0.75,10,1000,1620,1_8
10000,0.75,10,10000,721,1_8
10000,0.75,50,100,721,1_8
10000,0.75,50,1000,720,1_8
10000,0.75,50,10000,720,1_8
12500,0.0,1,100,1440,1_8
12500,0.0,1,1000,1440,1_8
12500,0.0,1,10000,1385,1_8
12500,0.0,10,100,1440,1_8
12500,0.0,10,1000,1440,1_8
12500,0.0,10,10000,1441,1_8
12500,0.0,50,100,1440,1_8
12500,0.0,50,1000,1441,1_8
12500,0.0,50,10000,1440,1_8
12500,0.25,1,100,1440,1_8
12500,0.25,1,1000,1440,1_8
12500,0.25,1,10000,1441,1_8
12500,0.25,10,100,1440,1_8
12500,0.25,10,1000,1441,1_8
12500,0.25,10,10000,1440,1_8
12500,0.25,50,100,1441,1_8
12500,0.25,50,1000,1440,1_8
12500,0.25,50,10000,1495,1_8
12500,0.5,1,100,1441,1_8
12500,0.5,1,1000,1498,1_8
12500,0.5,1,10000,1498,1_8
12500,0.5,10,100,1443,1_8
12500,0.5,10,1000,1498,1_8
12500,0.5,10,10000,1498,1_8
12500,0.5,50,100,1497,1_8
12500,0.5,50,1000,1443,1_8
12500,0.5,50,10000,1498,1_8
12500,0.75,1,100,1500,1_8
12500,0.75,1,1000,1497,1_8
12500,0.75,1,10000,1500,1_8
12500,0.75,10,100,1499,1_8
12500,0.75,10,1000,1497,1_8
12500,0.75,10,10000,1497,1_8
12500,0.75,50,100,1444,1_8
12500,0.75,50,1000,1443,1_8
12500,0.75,50,10000,1496,1_8
100,0.0,1,100,0,2_8
100,0.0,1,1000,0,2_8
100,0.0,1,10000,0,2_8
100,0.0,10,100,0,2_8
100,0.0,10,1000,0,2_8
100,0.0,10,10000,0,2_8
100,0.0,50,100,0,2_8
100,0.0,50,1000,0,2_8
100,0.0,50,10000,0,2_8
100,0.25,1,100,0,2_8
100,0.25,1,1000,0,2_8
100,0.25,1,10000,0,2_8
100,0.25,10,100,0,2_8
100,0.25,10,1000,0,2_8
100,0.25,10,10000,0,2_8
100,0.25,50,100,0,2_8
100,0.25,50,1000,0,2_8
100,0.25,50,10000,0,2_8
100,0.5,1,100,0,2_8
100,0.5,1,1000,0,2_8
100,0.5,1,10000,0,2_8
100,0.5,10,100,0,2_8
100,0.5,10,1000,0,2_8
100,0.5,10,10000,0,2_8
100,0.5,50,100,0,2_8
100,0.5,50,1000,0,2_8
100,0.5,50,10000,0,2_8
100,0.75,1,100,0,2_8
100,0.75,1,1000,0,2_8
100,0.75,1,10000,0,2_8
100,0.75,10,100,0,2_8
100,0.75,10,1000,0,2_8
100,0.75,10,10000,0,2_8
100,0.75,50,100,0,2_8
100,0.75,50,1000,0,2_8
100,0.75,50,10000,0,2_8
200,0.0,1,100,0,2_8
200,0.0,1,1000,0,2_8
200,0.0,1,10000,0,2_8
200,0.0,10,100,0,2_8
200,0.0,10,1000,0,2_8
200,0.0,10,10000,0,2_8
200,0.0,50,100,0,2_8
200,0.0,50,1000,0,2_8
200,0.0,50,10000,0,2_8
200,0.25,1,100,0,2_8
200,0.25,1,1000,0,2_8
200,0.25,1,10000,0,2_8
200,0.25,10,100,0,2_8
200,0.25,10,1000,0,2_8
200,0.25,10,10000,0,2_8
200,0.25,50,100,0,2_8
200,0.25,50,1000,0,2_8
200,0.25,50,10000,0,2_8
200,0.5,1,100,0,2_8
200,0.5,1,1000,0,2_8
200,0.5,1,10000,0,2_8
200,0.5,10,100,0,2_8
200,0.5,10,1000,0,2_8
200,0.5,10,10000,0,2_8
200,0.5,50,100,0,2_8
200,0.5,50,1000,0,2_8
200,0.5,50,10000,0,2_8
200,0.75,1,100,0,2_8
200,0.75,1,1000,0,2_8
200,0.75,1,10000,0,2_8
200,0.75,10,100,0,2_8
200,0.75,10,1000,0,2_8
200,0.75,10,10000,0,2_8
200,0.75,50,100,1,2_8
200,0.75,50,1000,0,2_8
200,0.75,50,10000,0,2_8
300,0.0,1,100,0,2_8
300,0.0,1,1000,0,2_8
300,0.0,1,10000,0,2_8
300,0.0,10,100,0,2_8
300,0.0,10,1000,0,2_8
300,0.0,10,10000,0,2_8
300,0.0,50,100,0,2_8
300,0.0,50,1000,0,2_8
300,0.0,50,10000,0,2_8
300,0.25,1,100,0,2_8
300,0.25,1,1000,0,2_8
300,0.25,1,10000,0,2_8
300,0.25,10,100,0,2_8
300,0.25,10,1000,0,2_8
300,0.25,10,10000,0,2_8
300,0.25,50,100,0,2_8
300,0.25,50,1000,0,2_8
300,0.25,50,10000,0,2_8
300,0.5,1,100,0,2_8
300,0.5,1,1000,0,2_8
300,0.5,1,10000,0,2_8
300,0.5,10,100,0,2_8
300,0.5,10,1000,0,2_8
300,0.5,10,10000,0,2_8
300,0.5,50,100,0,2_8
300,0.5,50,1000,0,2_8
300,0.5,50,10000,0,2_8
300,0.75,1,100,0,2_8
300,0.75,1,1000,0,2_8
300,0.75,1,10000,0,2_8
300,0.75,10,100,0,2_8
300,0.75,10,1000,0,2_8
300,0.75,10,10000,0,2_8
300,0.75,50,100,0,2_8
300,0.75,50,1000,0,2_8
300,0.75,50,10000,0,2_8
400,0.0,1,100,0,2_8
400,0.0,1,1000,0,2_8
400,0.0,1,10000,0,2_8
400,0.0,10,100,0,2_8
400,0.0,10,1000,0,2_8
400,0.0,10,10000,0,2_8
400,0.0,50,100,0,2_8
400,0.0,50,1000,0,2_8
400,0.0,50,10000,0,2_8
400,0.25,1,100,0,2_8
400,0.25,1,1000,0,2_8
400,0.25,1,10000,0,2_8
400,0.25,10,100,0,2_8
400,0.25,10,1000,0,2_8
400,0.25,10,10000,0,2_8
400,0.25,50,100,0,2_8
400,0.25,50,1000,0,2_8
400,0.25,50,10000,0,2_8
400,0.5,1,100,0,2_8
400,0.5,1,1000,0,2_8
400,0.5,1,10000,0,2_8
400,0.5,10,100,0,2_8
400,0.5,10,1000,0,2_8
400,0.5,10,10000,0,2_8
400,0.5,50,100,0,2_8
400,0.5,50,1000,0,2_8
400,0.5,50,10000,0,2_8
400,0.75,1,100,0,2_8
400,0.75,1,1000,0,2_8
400,0.75,1,10000,0,2_8
400,0.75,10,100,0,2_8
400,0.75,10,1000,0,2_8
400,0.75,10,10000,0,2_8
400,0.75,50,100,0,2_8
400,0.75,50,1000,0,2_8
400,0.75,50,10000,0,2_8
500,0.0,1,100,0,2_8
500,0.0,1,1000,0,2_8
500,0.0,1,10000,0,2_8
500,0.0,10,100,0,2_8
500,0.0,10,1000,0,2_8
500,0.0,10,10000,0,2_8
500,0.0,50,100,0,2_8
500,0.0,50,1000,0,2_8
500,0.0,50,10000,0,2_8
500,0.25,1,100,0,2_8
500,0.25,1,1000,0,2_8
500,0.25,1,10000,0,2_8
500,0.25,10,100,0,2_8
500,0.25,10,1000,0,2_8
500,0.25,10,10000,0,2_8
500,0.25,50,100,0,2_8
500,0.25,50,1000,0,2_8
500,0.25,50,10000,0,2_8
500,0.5,1,100,0,2_8
500,0.5,1,1000,0,2_8
500,0.5,1,10000,0,2_8
500,0.5,10,100,0,2_8
500,0.5,10,1000,0,2_8
500,0.5,10,10000,0,2_8
500,0.5,50,100,0,2_8
500,0.5,50,1000,0,2_8
500,0.5,50,10000,0,2_8
500,0.75,1,100,0,2_8
500,0.75,1,1000,0,2_8
500,0.75,1,10000,0,2_8
500,0.75,10,100,0,2_8
500,0.75,10,1000,0,2_8
500,0.75,10,10000,0,2_8
500,0.75,50,100,0,2_8
500,0.75,50,1000,0,2_8
500,0.75,50,10000,0,2_8
750,0.0,1,100,0,2_8
750,0.0,1,1000,0,2_8
750,0.0,1,10000,0,2_8
750,0.0,10,100,0,2_8
750,0.0,10,1000,0,2_8
750,0.0,10,10000,0,2_8
750,0.0,50,100,0,2_8
750,0.0,50,1000,0,2_8
750,0.0,50,10000,0,2_8
750,0.25,1,100,0,2_8
750,0.25,1,1000,0,2_8
750,0.25,1,10000,0,2_8
750,0.25,10,100,0,2_8
750,0.25,10,1000,0,2_8
750,0.25,10,10000,0,2_8
750,0.25,50,100,0,2_8
750,0.25,50,1000,0,2_8
750,0.25,50,10000,0,2_8
750,0.5,1,100,0,2_8
750,0.5,1,1000,0,2_8
750,0.5,1,10000,0,2_8
750,0.5,10,100,0,2_8
750,0.5,10,1000,0,2_8
750,0.5,10,10000,0,2_8
750,0.5,50,100,0,2_8
750,0.5,50,1000,0,2_8
750,0.5,50,10000,0,2_8
750,0.75,1,100,0,2_8
750,0.75,1,1000,0,2_8
750,0.75,1,10000,0,2_8
750,0.75,10,100,0,2_8
750,0.75,10,1000,0,2_8
750,0.75,10,10000,0,2_8
750,0.75,50,100,0,2_8
750,0.75,50,1000,0,2_8
750,0.75,50,10000,0,2_8
1000,0.0,1,100,0,2_8
1000,0.0,1,1000,0,2_8
1000,0.0,1,10000,0,2_8
1000,0.0,10,100,0,2_8
1000,0.0,10,1000,0,2_8
1000,0.0,10,10000,0,2_8
1000,0.0,50,100,0,2_8
1000,0.0,50,1000,0,2_8
1000,0.0,50,10000,0,2_8
1000,0.25,1,100,0,2_8
1000,0.25,1,1000,0,2_8
1000,0.25,1,10000,0,2_8
1000,0.25,10,100,0,2_8
1000,0.25,10,1000,0,2_8
1000,0.25,10,10000,0,2_8
1000,0.25,50,100,1,2_8
1000,0.25,50,1000,0,2_8
1000,0.25,50,10000,0,2_8
1000,0.5,1,100,0,2_8
1000,0.5,1,1000,0,2_8
1000,0.5,1,10000,0,2_8
1000,0.5,10,100,0,2_8
1000,0.5,10,1000,0,2_8
1000,0.5,10,10000,0,2_8
1000,0.5,50,100,0,2_8
1000,0.5,50,1000,0,2_8
1000,0.5,50,10000,0,2_8
1000,0.75,1,100,0,2_8
1000,0.75,1,1000,0,2_8
1000,0.75,1,10000,0,2_8
1000,0.75,10,100,0,2_8
1000,0.75,10,1000,0,2_8
1000,0.75,10,10000,0,2_8
1000,0.75,50,100,1,2_8
1000,0.75,50,1000,0,2_8
1000,0.75,50,10000,0,2_8
2000,0.0,1,100,0,2_8
2000,0.0,1,1000,0,2_8
2000,0.0,1,10000,1,2_8
2000,0.0,10,100,0,2_8
2000,0.0,10,1000,1,2_8
2000,0.0,10,10000,0,2_8
2000,0.0,50,100,0,2_8
2000,0.0,50,1000,1,2_8
2000,0.0,50,10000,0,2_8
2000,0.25,1,100,55,2_8
2000,0.25,1,1000,0,2_8
2000,0.25,1,10000,0,2_8
2000,0.25,10,100,1,2_8
2000,0.25,10,1000,0,2_8
2000,0.25,10,10000,1,2_8
2000,0.25,50,100,0,2_8
2000,0.25,50,1000,0,2_8
2000,0.25,50,10000,1,2_8
2000,0.5,1,100,0,2_8
2000,0.5,1,1000,1,2_8
2000,0.5,1,10000,0,2_8
2000,0.5,10,100,0,2_8
2000,0.5,10,1000,1,2_8
2000,0.5,10,10000,0,2_8
2000,0.5,50,100,55,2_8
2000,0.5,50,1000,0,2_8
2000,0.5,50,10000,0,2_8
2000,0.75,1,100,1,2_8
2000,0.75,1,1000,0,2_8
2000,0.75,1,10000,1,2_8
2000,0.75,10,100,0,2_8
2000,0.75,10,1000,0,2_8
2000,0.75,10,10000,0,2_8
2000,0.75,50,100,0,2_8
2000,0.75,50,1000,1,2_8
2000,0.75,50,10000,0,2_8
3000,0.0,1,100,1,2_8
3000,0.0,1,1000,56,2_8
3000,0.0,1,10000,1,2_8
3000,0.0,10,100,1,2_8
3000,0.0,10,1000,2,2_8
3000,0.0,10,10000,55,2_8
3000,0.0,50,100,1,2_8
3000,0.0,50,1000,2,2_8
3000,0.0,50,10000,1,2_8
3000,0.25,1,100,1,2_8
3000,0.25,1,1000,56,2_8
3000,0.25,1,10000,1,2_8
3000,0.25,10,100,1,2_8
3000,0.25,10,1000,1,2_8
3000,0.25,10,10000,55,2_8
3000,0.25,50,100,1,2_8
3000,0.25,50,1000,1,2_8
3000,0.25,50,10000,2,2_8
3000,0.5,1,100,1,2_8
3000,0.5,1,1000,55,2_8
3000,0.5,1,10000,2,2_8
3000,0.5,10,100,1,2_8
3000,0.5,10,1000,1,2_8
3000,0.5,10,10000,56,2_8
3000,0.5,50,100,1,2_8
3000,0.5,50,1000,1,2_8
3000,0.5,50,10000,2,2_8
3000,0.75,1,100,1,2_8
3000,0.75,1,1000,55,2_8
3000,0.75,1,10000,2,2_8
3000,0.75,10,100,1,2_8
3000,0.75,10,1000,1,2_8
3000,0.75,10,10000,56,2_8
3000,0.75,50,100,1,2_8
3000,0.75,50,1000,1,2_8
3000,0.75,50,10000,2,2_8
4000,0.0,1,100,57,2_8
4000,0.0,1,1000,3,2_8
4000,0.0,1,10000,57,2_8
4000,0.0,10,100,3,2_8
4000,0.0,10,1000,57,2_8
4000,0.0,10,10000,3,2_8
4000,0.0,50,100,57,2_8
4000,0.0,50,1000,3,2_8
4000,0.0,50,10000,57,2_8
4000,0.25,1,100,3,2_8
4000,0.25,1,1000,57,2_8
4000,0.25,1,10000,3,2_8
4000,0.25,10,100,57,2_8
4000,0.25,10,1000,3,2_8
4000,0.25,10,10000,57,2_8
4000,0.25,50,100,3,2_8
4000,0.25,50,1000,57,2_8
4000,0.25,50,10000,3,2_8
4000,0.5,1,100,57,2_8
4000,0.5,1,1000,3,2_8
4000,0.5,1,10000,3,2_8
4000,0.5,10,100,57,2_8
4000,0.5,10,1000,3,2_8
4000,0.5,10,10000,57,2_8
4000,0.5,50,100,3,2_8
4000,0.5,50,1000,57,2_8
4000,0.5,50,10000,3,2_8
4000,0.75,1,100,57,2_8
4000,0.75,1,1000,3,2_8
4000,0.75,1,10000,57,2_8
4000,0.75,10,100,3,2_8
4000,0.75,10,1000,57,2_8
4000,0.75,10,10000,3,2_8
4000,0.75,50,100,57,2_8
4000,0.75,50,1000,3,2_8
4000,0.75,50,10000,57,2_8
5000,0.0,1,100,119,2_8
5000,0.0,1,1000,119,2_8
5000,0.0,1,10000,119,2_8
5000,0.0,10,100,119,2_8
5000,0.0,10,1000,119,2_8
5000,0.0,10,10000,119,2_8
5000,0.0,50,100,65,2_8
5000,0.0,50,1000,119,2_8
5000,0.0,50,10000,119,2_8
5000,0.25,1,100,119,2_8
5000,0.25,1,1000,119,2_8
5000,0.25,1,10000,119,2_8
5000,0.25,10,100,119,2_8
5000,0.25,10,1000,65,2_8
5000,0.25,10,10000,119,2_8
5000,0.25,50,100,119,2_8
5000,0.25,50,1000,119,2_8
5000,0.25,50,10000,119,2_8
5000,0.5,1,100,119,2_8
5000,0.5,1,1000,119,2_8
5000,0.5,1,10000,65,2_8
5000,0.5,10,100,119,2_8
5000,0.5,10,1000,118,2_8
5000,0.5,10,10000,119,2_8
5000,0.5,50,100,119,2_8
5000,0.5,50,1000,119,2_8
5000,0.5,50,10000,119,2_8
5000,0.75,1,100,65,2_8
5000,0.75,1,1000,119,2_8
5000,0.75,1,10000,119,2_8
5000,0.75,10,100,119,2_8
5000,0.75,10,1000,119,2_8
5000,0.75,10,10000,119,2_8
5000,0.75,50,100,119,2_8
5000,0.75,50,1000,119,2_8
5000,0.75,50,10000,65,2_8
7500,0.0,1,100,360,2_8
7500,0.0,1,1000,360,2_8
7500,0.0,1,10000,360,2_8
7500,0.0,10,100,361,2_8
7500,0.0,10,1000,361,2_8
7500,0.0,10,10000,415,2_8
7500,0.0,50,100,360,2_8
7500,0.0,50,1000,360,2_8
7500,0.0,50,10000,361,2_8
7500,0.25,1,100,361,2_8
7500,0.25,1,1000,360,2_8
7500,0.25,1,10000,360,2_8
7500,0.25,10,100,360,2_8
7500,0.25,10,1000,360,2_8
7500,0.25,10,10000,361,2_8
7500,0.25,50,100,360,2_8
7500,0.25,50,1000,360,2_8
7500,0.25,50,10000,360,2_8
7500,0.5,1,100,360,2_8
7500,0.5,1,1000,360,2_8
7500,0.5,1,10000,415,2_8
7500,0.5,10,100,361,2_8
7500,0.5,10,1000,361,2_8
7500,0.5,10,10000,361,2_8
7500,0.5,50,100,361,2_8
7500,0.5,50,1000,360,2_8
7500,0.5,50,10000,360,2_8
7500,0.75,1,100,360,2_8
7500,0.75,1,1000,360,2_8
7500,0.75,1,10000,360,2_8
7500,0.75,10,100,360,2_8
7500,0.75,10,1000,360,2_8
7500,0.75,10,10000,360,2_8
7500,0.75,50,100,415,2_8
7500,0.75,50,1000,361,2_8
7500,0.75,50,10000,361,2_8
10000,0.0,1,100,899,2_8
10000,0.0,1,1000,899,2_8
10000,0.0,1,10000,899,2_8
10000,0.0,10,100,844,2_8
10000,0.0,10,1000,845,2_8
10000,0.0,10,10000,901,2_8
10000,0.0,50,100,959,2_8
10000,0.0,50,1000,903,2_8
10000,0.0,50,10000,901,2_8
10000,0.25,1,100,900,2_8
10000,0.25,1,1000,898,2_8
10000,0.25,1,10000,899,2_8
10000,0.25,10,100,900,2_8
10000,0.25,10,1000,900,2_8
10000,0.25,10,10000,899,2_8
10000,0.25,50,100,899,2_8
10000,0.25,50,1000,899,2_8
10000,0.25,50,10000,898,2_8
10000,0.5,1,100,899,2_8
10000,0.5,1,1000,899,2_8
10000,0.5,1,10000,899,2_8
10000,0.5,10,100,844,2_8
10000,0.5,10,1000,845,2_8
10000,0.5,10,10000,844,2_8
10000,0.5,50,100,899,2_8
10000,0.5,50,1000,898,2_8
10000,0.5,50,10000,900,2_8
10000,0.75,1,100,898,2_8
10000,0.75,1,1000,898,2_8
10000,0.75,1,10000,899,2_8
10000,0.75,10,100,899,2_8
10000,0.75,10,1000,899,2_8
10000,0.75,10,10000,898,2_8
10000,0.75,50,100,899,2_8
10000,0.75,50,1000,899,2_8
10000,0.75,50,10000,899,2_8
12500,0.0,1,100,1683,2_8
12500,0.0,1,1000,1683,2_8
12500,0.0,1,10000,1737,2_8
12500,0.0,10,100,1683,2_8
12500,0.0,10,1000,1683,2_8
12500,0.0,10,10000,1738,2_8
12500,0.0,50,100,1737,2_8
12500,0.0,50,1000,1684,2_8
12500,0.0,50,10000,1683,2_8
12500,0.25,1,100,1737,2_8
12500,0.25,1,1000,1736,2_8
12500,0.25,1,10000,1683,2_8
12500,0.25,10,100,1684,2_8
12500,0.25,10,1000,1684,2_8
12500,0.25,10,10000,1682,2_8
12500,0.25,50,100,1738,2_8
12500,0.25,50,1000,1738,2_8
12500,0.25,50,10000,1739,2_8
12500,0.5,1,100,1738,2_8
12500,0.5,1,1000,1738,2_8
12500,0.5,1,10000,1739,2_8
12500,0.5,10,100,1740,2_8
12500,0.5,10,1000,1738,2_8
12500,0.5,10,10000,1738,2_8
12500,0.5,50,100,1739,2_8
12500,0.5,50,1000,1739,2_8
12500,0.5,50,10000,1738,2_8
12500,0.75,1,100,1738,2_8
12500,0.75,1,1000,1797,2_8
12500,0.75,1,10000,1739,2_8
12500,0.75,10,100,1739,2_8
12500,0.75,10,1000,1741,2_8
12500,0.75,10,10000,1685,2_8
12500,0.75,50,100,1740,2_8
12500,0.75,50,1000,1740,2_8
12500,0.75,50,10000,1739,2_8
100,0.0,1,100,0,3_8
100,0.0,1,1000,0,3_8
100,0.0,1,10000,0,3_8
100,0.0,10,100,0,3_8
100,0.0,10,1000,0,3_8
100,0.0,10,10000,0,3_8
100,0.0,50,100,0,3_8
100,0.0,50,1000,0,3_8
100,0.0,50,10000,0,3_8
100,0.25,1,100,0,3_8
100,0.25,1,1000,0,3_8
100,0.25,1,10000,0,3_8
100,0.25,10,100,0,3_8
100,0.25,10,1000,0,3_8
100,0.25,10,10000,0,3_8
100,0.25,50,100,0,3_8
100,0.25,50,1000,0,3_8
100,0.25,50,10000,0,3_8
100,0.5,1,100,0,3_8
100,0.5,1,1000,0,3_8
100,0.5,1,10000,0,3_8
100,0.5,10,100,0,3_8
100,0.5,10,1000,0,3_8
100,0.5,10,10000,0,3_8
100,0.5,50,100,0,3_8
100,0.5,50,1000,0,3_8
100,0.5,50,10000,0,3_8
100,0.75,1,100,0,3_8
100,0.75,1,1000,0,3_8
100,0.75,1,10000,0,3_8
100,0.75,10,100,0,3_8
100,0.75,10,1000,0,3_8
100,0.75,10,10000,0,3_8
100,0.75,50,100,0,3_8
100,0.75,50,1000,0,3_8
100,0.75,50,10000,0,3_8
200,0.0,1,100,0,3_8
200,0.0,1,1000,0,3_8
200,0.0,1,10000,0,3_8
200,0.0,10,100,0,3_8
200,0.0,10,1000,0,3_8
200,0.0,10,10000,0,3_8
200,0.0,50,100,0,3_8
200,0.0,50,1000,0,3_8
200,0.0,50,10000,0,3_8
200,0.25,1,100,0,3_8
200,0.25,1,1000,0,3_8
200,0.25,1,10000,0,3_8
200,0.25,10,100,0,3_8
200,0.25,10,1000,0,3_8
200,0.25,10,10000,0,3_8
200,0.25,50,100,0,3_8
200,0.25,50,1000,0,3_8
200,0.25,50,10000,0,3_8
200,0.5,1,100,0,3_8
200,0.5,1,1000,0,3_8
200,0.5,1,10000,0,3_8
200,0.5,10,100,0,3_8
200,0.5,10,1000,0,3_8
200,0.5,10,10000,0,3_8
200,0.5,50,100,0,3_8
200,0.5,50,1000,0,3_8
200,0.5,50,10000,0,3_8
200,0.75,1,100,0,3_8
200,0.75,1,1000,0,3_8
200,0.75,1,10000,0,3_8
200,0.75,10,100,0,3_8
200,0.75,10,1000,0,3_8
200,0.75,10,10000,0,3_8
200,0.75,50,100,0,3_8
200,0.75,50,1000,0,3_8
200,0.75,50,10000,0,3_8
300,0.0,1,100,0,3_8
300,0.0,1,1000,0,3_8
300,0.0,1,10000,0,3_8
300,0.0,10,100,0,3_8
300,0.0,10,1000,0,3_8
300,0.0,10,10000,0,3_8
300,0.0,50,100,0,3_8
300,0.0,50,1000,0,3_8
300,0.0,50,10000,0,3_8
300,0.25,1,100,0,3_8
300,0.25,1,1000,0,3_8
300,0.25,1,10000,0,3_8
300,0.25,10,100,0,3_8
300,0.25,10,1000,0,3_8
300,0.25,10,10000,0,3_8
300,0.25,50,100,0,3_8
300,0.25,50,1000,0,3_8
300,0.25,50,10000,0,3_8
300,0.5,1,100,0,3_8
300,0.5,1,1000,0,3_8
300,0.5,1,10000,0,3_8
300,0.5,10,100,0,3_8
300,0.5,10,1000,0,3_8
300,0.5,10,10000,0,3_8
300,0.5,50,100,0,3_8
300,0.5,50,1000,0,3_8
300,0.5,50,10000,0,3_8
300,0.75,1,100,0,3_8
300,0.75,1,1000,0,3_8
300,0.75,1,10000,0,3_8
300,0.75,10,100,0,3_8
300,0.75,10,1000,0,3_8
300,0.75,10,10000,0,3_8
300,0.75,50,100,0,3_8
300,0.75,50,1000,0,3_8
300,0.75,50,10000,0,3_8
400,0.0,1,100,0,3_8
400,0.0,1,1000,0,3_8
400,0.0,1,10000,0,3_8
400,0.0,10,100,0,3_8
400,0.0,10,1000,0,3_8
400,0.0,10,10000,0,3_8
400,0.0,50,100,0,3_8
400,0.0,50,1000,0,3_8
400,0.0,50,10000,0,3_8
400,0.25,1,100,0,3_8
400,0.25,1,1000,0,3_8
400,0.25,1,10000,0,3_8
400,0.25,10,100,0,3_8
400,0.25,10,1000,0,3_8
400,0.25,10,10000,0,3_8
400,0.25,50,100,0,3_8
400,0.25,50,1000,0,3_8
400,0.25,50,10000,0,3_8
400,0.5,1,100,0,3_8
400,0.5,1,1000,0,3_8
400,0.5,1,10000,0,3_8
400,0.5,10,100,0,3_8
400,0.5,10,1000,0,3_8
400,0.5,10,10000,0,3_8
400,0.5,50,100,0,3_8
400,0.5,50,1000,0,3_8
400,0.5,50,10000,0,3_8
400,0.75,1,100,0,3_8
400,0.75,1,1000,0,3_8
400,0.75,1,10000,0,3_8
400,0.75,10,100,0,3_8
400,0.75,10,1000,0,3_8
400,0.75,10,10000,0,3_8
400,0.75,50,100,0,3_8
400,0.75,50,1000,0,3_8
400,0.75,50,10000,0,3_8
500,0.0,1,100,0,3_8
500,0.0,1,1000,0,3_8
500,0.0,1,10000,0,3_8
500,0.0,10,100,0,3_8
500,0.0,10,1000,0,3_8
500,0.0,10,10000,0,3_8
500,0.0,50,100,0,3_8
500,0.0,50,1000,0,3_8
500,0.0,50,10000,0,3_8
500,0.25,1,100,0,3_8
500,0.25,1,1000,0,3_8
500,0.25,1,10000,0,3_8
500,0.25,10,100,0,3_8
500,0.25,10,1000,0,3_8
500,0.25,10,10000,0,3_8
500,0.25,50,100,0,3_8
500,0.25,50,1000,0,3_8
500,0.25,50,10000,0,3_8
500,0.5,1,100,0,3_8
500,0.5,1,1000,0,3_8
500,0.5,1,10000,0,3_8
500,0.5,10,100,0,3_8
500,0.5,10,1000,0,3_8
500,0.5,10,10000,0,3_8
500,0.5,50,100,0,3_8
500,0.5,50,1000,0,3_8
500,0.5,50,10000,0,3_8
500,0.75,1,100,0,3_8
500,0.75,1,1000,0,3_8
500,0.75,1,10000,0,3_8
500,0.75,10,100,0,3_8
500,0.75,10,1000,0,3_8
500,0.75,10,10000,0,3_8
500,0.75,50,100,0,3_8
500,0.75,50,1000,0,3_8
500,0.75,50,10000,0,3_8
750,0.0,1,100,0,3_8
750,0.0,1,1000,0,3_8
750,0.0,1,10000,0,3_8
750,0.0,10,100,0,3_8
750,0.0,10,1000,0,3_8
750,0.0,10,10000,0,3_8
750,0.0,50,100,0,3_8
750,0.0,50,1000,0,3_8
750,0.0,50,10000,0,3_8
750,0.25,1,100,0,3_8
750,0.25,1,1000,0,3_8
750,0.25,1,10000,0,3_8
750,0.25,10,100,0,3_8
750,0.25,10,1000,0,3_8
750,0.25,10,10000,0,3_8
750,0.25,50,100,0,3_8
750,0.25,50,1000,0,3_8
750,0.25,50,10000,0,3_8
750,0.5,1,100,0,3_8
750,0.5,1,1000,0,3_8
750,0.5,1,10000,0,3_8
750,0.5,10,100,0,3_8
750,0.5,10,1000,0,3_8
750,0.5,10,10000,0,3_8
750,0.5,50,100,0,3_8
750,0.5,50,1000,0,3_8
750,0.5,50,10000,55,3_8
750,0.75,1,100,0,3_8
750,0.75,1,1000,0,3_8
750,0.75,1,10000,0,3_8
750,0.75,10,100,0,3_8
750,0.75,10,1000,0,3_8
750,0.75,10,10000,0,3_8
750,0.75,50,100,0,3_8
750,0.75,50,1000,0,3_8
750,0.75,50,10000,0,3_8
1000,0.0,1,100,0,3_8
1000,0.0,1,1000,0,3_8
1000,0.0,1,10000,0,3_8
1000,0.0,10,100,0,3_8
1000,0.0,10,1000,0,3_8
1000,0.0,10,10000,0,3_8
1000,0.0,50,100,0,3_8
1000,0.0,50,1000,0,3_8
1000,0.0,50,10000,0,3_8
1000,0.25,1,100,0,3_8
1000,0.25,1,1000,0,3_8
1000,0.25,1,10000,0,3_8
1000,0.25,10,100,0,3_8
1000,0.25,10,1000,0,3_8
1000,0.25,10,10000,0,3_8
1000,0.25,50,100,0,3_8
1000,0.25,50,1000,0,3_8
1000,0.25,50,10000,0,3_8
1000,0.5,1,100,1,3_8
1000,0.5,1,1000,0,3_8
1000,0.5,1,10000,0,3_8
1000,0.5,10,100,0,3_8
1000,0.5,10,1000,0,3_8
1000,0.5,10,10000,0,3_8
1000,0.5,50,100,0,3_8
1000,0.5,50,1000,0,3_8
1000,0.5,50,10000,0,3_8
1000,0.75,1,100,0,3_8
1000,0.75,1,1000,0,3_8
1000,0.75,1,10000,0,3_8
1000,0.75,10,100,0,3_8
1000,0.75,10,1000,0,3_8
1000,0.75,10,10000,0,3_8
1000,0.75,50,100,0,3_8
1000,0.75,50,1000,0,3_8
1000,0.75,50,10000,0,3_8
2000,0.0,1,100,1,3_8
2000,0.0,1,1000,0,3_8
2000,0.0,1,10000,0,3_8
2000,0.0,10,100,0,3_8
2000,0.0,10,1000,1,3_8
2000,0.0,10,10000,0,3_8
2000,0.0,50,100,0,3_8
2000,0.0,50,1000,1,3_8
2000,0.0,50,10000,0,3_8
2000,0.25,1,100,0,3_8
2000,0.25,1,1000,0,3_8
2000,0.25,1,10000,1,3_8
2000,0.25,10,100,0,3_8
2000,0.25,10,1000,0,3_8
2000,0.25,10,10000,55,3_8
2000,0.25,50,100,0,3_8
2000,0.25,50,1000,0,3_8
2000,0.25,50,10000,0,3_8
2000,0.5,1,100,1,3_8
2000,0.5,1,1000,0,3_8
2000,0.5,1,10000,0,3_8
2000,0.5,10,100,1,3_8
2000,0.5,10,1000,0,3_8
2000,0.5,10,10000,0,3_8
2000,0.5,50,100,0,3_8
2000,0.5,50,1000,1,3_8
2000,0.5,50,10000,0,3_8
2000,0.75,1,100,0,3_8
2000,0.75,1,1000,0,3_8
2000,0.75,1,10000,0,3_8
2000,0.75,10,100,0,3_8
2000,0.75,10,1000,0,3_8
2000,0.75,10,10000,1,3_8
2000,0.75,50,100,0,3_8
2000,0.75,50,1000,0,3_8
2000,0.75,50,10000,55,3_8
3000,0.0,1,100,1,3_8
3000,0.0,1,1000,0,3_8
3000,0.0,1,10000,1,3_8
3000,0.0,10,100,1,3_8
3000,0.0,10,1000,1,3_8
3000,0.0,10,10000,1,3_8
3000,0.0,50,100,55,3_8
3000,0.0,50,1000,1,3_8
3000,0.0,50,10000,1,3_8
3000,0.25,1,100,1,3_8
3000,0.25,1,1000,0,3_8
3000,0.25,1,10000,1,3_8
3000,0.25,10,100,1,3_8
3000,0.25,10,1000,55,3_8
3000,0.25,10,10000,1,3_8
3000,0.25,50,100,1,3_8
3000,0.25,50,1000,1,3_8
3000,0.25,50,10000,1,3_8
3000,0.5,1,100,1,3_8
3000,0.5,1,1000,55,3_8
3000,0.5,1,10000,0,3_8
3000,0.5,10,100,1,3_8
3000,0.5,10,1000,1,3_8
3000,0.5,10,10000,1,3_8
3000,0.5,50,100,1,3_8
3000,0.5,50,1000,1,3_8
3000,0.5,50,10000,55,3_8
3000,0.75,1,100,1,3_8
3000,0.75,1,1000,1,3_8
3000,0.75,1,10000,1,3_8
3000,0.75,10,100,1,3_8
3000,0.75,10,1000,0,3_8
3000,0.75,10,10000,0,3_8
3000,0.75,50,100,55,3_8
3000,0.75,50,1000,1,3_8
3000,0.75,50,10000,1,3_8
4000,0.0,1,100,2,3_8
4000,0.0,1,1000,56,3_8
4000,0.0,1,10000,2,3_8
4000,0.0,10,100,2,3_8
4000,0.0,10,1000,55,3_8
4000,0.0,10,10000,2,3_8
4000,0.0,50,100,2,3_8
4000,0.0,50,1000,56,3_8
4000,0.0,50,10000,2,3_8
4000,0.25,1,100,2,3_8
4000,0.25,1,1000,56,3_8
4000,0.25,1,10000,2,3_8
4000,0.25,10,100,2,3_8
4000,0.25,10,1000,56,3_8
4000,0.25,10,10000,2,3_8
4000,0.25,50,100,56,3_8
4000,0.25,50,1000,2,3_8
4000,0.25,50,10000,2,3_8
4000,0.5,1,100,56,3_8
4000,0.5,1,1000,2,3_8
4000,0.5,1,10000,2,3_8
4000,0.5,10,100,56,3_8
4000,0.5,10,1000,2,3_8
4000,0.5,10,10000,2,3_8
4000,0.5,50,100,55,3_8
4000,0.5,50,1000,2,3_8
4000,0.5,50,10000,2,3_8
4000,0.75,1,100,56,3_8
4000,0.75,1,1000,2,3_8
4000,0.75,1,10000,2,3_8
4000,0.75,10,100,56,3_8
4000,0.75,10,1000,2,3_8
4000,0.75,10,10000,2,3_8
4000,0.75,50,100,2,3_8
4000,0.75,50,1000,2,3_8
4000,0.75,50,10000,56,3_8
5000,0.0,1,100,60,3_8
5000,0.0,1,1000,60,3_8
5000,0.0,1,10000,60,3_8
5000,0.0,10,100,60,3_8
5000,0.0,10,1000,61,3_8
5000,0.0,10,10000,60,3_8
5000,0.0,50,100,61,3_8
5000,0.0,50,1000,60,3_8
5000,0.0,50,10000,60,3_8
5000,0.25,1,100,61,3_8
5000,0.25,1,1000,60,3_8
5000,0.25,1,10000,61,3_8
5000,0.25,10,100,60,3_8
5000,0.25,10,1000,60,3_8
5000,0.25,10,10000,61,3_8
5000,0.25,50,100,60,3_8
5000,0.25,50,1000,61,3_8
5000,0.25,50,10000,60,3_8
5000,0.5,1,100,60,3_8
5000,0.5,1,1000,61,3_8
5000,0.5,1,10000,60,3_8
5000,0.5,10,100,61,3_8
5000,0.5,10,1000,60,3_8
5000,0.5,10,10000,60,3_8
5000,0.5,50,100,61,3_8
5000,0.5,50,1000,60,3_8
5000,0.5,50,10000,61,3_8
5000,0.75,1,100,61,3_8
5000,0.75,1,1000,60,3_8
5000,0.75,1,10000,61,3_8
5000,0.75,10,100,60,3_8
5000,0.75,10,1000,60,3_8
5000,0.75,10,10000,115,3_8
5000,0.75,50,100,60,3_8
5000,0.75,50,1000,60,3_8
5000,0.75,50,10000,61,3_8
7500,0.0,1,100,236,3_8
7500,0.0,1,1000,240,3_8
7500,0.0,1,10000,183,3_8
7500,0.0,10,100,240,3_8
7500,0.0,10,1000,237,3_8
7500,0.0,10,10000,239,3_8
7500,0.0,50,100,238,3_8
7500,0.0,50,1000,183,3_8
7500,0.0,50,10000,237,3_8
7500,0.25,1,100,184,3_8
7500,0.25,1,1000,238,3_8
7500,0.25,1,10000,238,3_8
7500,0.25,10,100,183,3_8
7500,0.25,10,1000,184,3_8
7500,0.25,10,10000,238,3_8
7500,0.25,50,100,363,3_8
7500,0.25,50,1000,361,3_8
7500,0.25,50,10000,363,3_8
7500,0.5,1,100,363,3_8
7500,0.5,1,1000,417,3_8
7500,0.5,1,10000,363,3_8
7500,0.5,10,100,417,3_8
7500,0.5,10,1000,417,3_8
7500,0.5,10,10000,364,3_8
7500,0.5,50,100,363,3_8
7500,0.5,50,1000,416,3_8
7500,0.5,50,10000,361,3_8
7500,0.75,1,100,418,3_8
7500,0.75,1,1000,418,3_8
7500,0.75,1,10000,362,3_8
7500,0.75,10,100,415,3_8
7500,0.75,10,1000,360,3_8
7500,0.75,10,10000,361,3_8
7500,0.75,50,100,416,3_8
7500,0.75,50,1000,362,3_8
7500,0.75,50,10000,417,3_8
10000,0.0,1,100,960,3_8
10000,0.0,1,1000,901,3_8
10000,0.0,1,10000,902,3_8
10000,0.0,10,100,959,3_8
10000,0.0,10,1000,960,3_8
10000,0.0,10,10000,960,3_8
10000,0.0,50,100,960,3_8
10000,0.0,50,1000,905,3_8
10000,0.0,50,10000,960,3_8
10000,0.25,1,100,960,3_8
10000,0.25,1,1000,957,3_8
10000,0.25,1,10000,961,3_8
10000,0.25,10,100,961,3_8
10000,0.25,10,1000,960,3_8
10000,0.25,10,10000,962,3_8
10000,0.25,50,100,960,3_8
10000,0.25,50,1000,1017,3_8
10000,0.25,50,10000,960,3_8
10000,0.5,1,100,960,3_8
10000,0.5,1,1000,960,3_8
10000,0.5,1,10000,962,3_8
10000,0.5,10,100,960,3_8
10000,0.5,10,1000,1015,3_8
10000,0.5,10,10000,962,3_8
10000,0.5,50,100,959,3_8
10000,0.5,50,1000,1015,3_8
10000,0.5,50,10000,959,3_8
10000,0.75,1,100,962,3_8
10000,0.75,1,1000,960,3_8
10000,0.75,1,10000,961,3_8
10000,0.75,10,100,960,3_8
10000,0.75,10,1000,1016,3_8
10000,0.75,10,10000,960,3_8
10000,0.75,50,100,959,3_8
10000,0.75,50,1000,960,3_8
10000,0.75,50,10000,960,3_8
12500,0.0,1,100,961,3_8
12500,0.0,1,1000,960,3_8
12500,0.0,1,10000,960,3_8
12500,0.0,10,100,960,3_8
12500,0.0,10,1000,961,3_8
12500,0.0,10,10000,962,3_8
12500,0.0,50,100,1015,3_8
12500,0.0,50,1000,960,3_8
12500,0.0,50,10000,903,3_8
12500,0.25,1,100,961,3_8
12500,0.25,1,1000,1018,3_8
12500,0.25,1,10000,961,3_8
12500,0.25,10,100,959,3_8
12500,0.25,10,1000,959,3_8
12500,0.25,10,10000,962,3_8
12500,0.25,50,100,960,3_8
12500,0.25,50,1000,960,3_8
12500,0.25,50,10000,959,3_8
12500,0.5,1,100,960,3_8
12500,0.5,1,1000,960,3_8
12500,0.5,1,10000,903,3_8
12500,0.5,10,100,1018,3_8
12500,0.5,10,1000,957,3_8
12500,0.5,10,10000,961,3_8
12500,0.5,50,100,964,3_8
12500,0.5,50,1000,962,3_8
12500,0.5,50,10000,1018,3_8
12500,0.75,1,100,959,3_8
12500,0.75,1,1000,960,3_8
12500,0.75,1,10000,959,3_8
12500,0.75,10,100,1021,3_8
12500,0.75,10,1000,960,3_8
12500,0.75,10,10000,964,3_8
12500,0.75,50,100,903,3_8
12500,0.75,50,1000,1025,3_8
12500,0.75,50,10000,960,3_8
100,0.0,1,100,0,4_8
100,0.0,1,1000,0,4_8
100,0.0,1,10000,0,4_8
100,0.0,10,100,0,4_8
100,0.0,10,1000,0,4_8
100,0.0,10,10000,0,4_8
100,0.0,50,100,0,4_8
100,0.0,50,1000,0,4_8
100,0.0,50,10000,0,4_8
100,0.25,1,100,0,4_8
100,0.25,1,1000,0,4_8
100,0.25,1,10000,0,4_8
100,0.25,10,100,0,4_8
100,0.25,10,1000,0,4_8
100,0.25,10,10000,0,4_8
100,0.25,50,100,0,4_8
100,0.25,50,1000,0,4_8
100,0.25,50,10000,0,4_8
100,0.5,1,100,0,4_8
100,0.5,1,1000,0,4_8
100,0.5,1,10000,0,4_8
100,0.5,10,100,0,4_8
100,0.5,10,1000,0,4_8
100,0.5,10,10000,0,4_8
100,0.5,50,100,0,4_8
100,0.5,50,1000,0,4_8
100,0.5,50,10000,0,4_8
100,0.75,1,100,0,4_8
100,0.75,1,1000,0,4_8
100,0.75,1,10000,0,4_8
100,0.75,10,100,0,4_8
100,0.75,10,1000,0,4_8
100,0.75,10,10000,0,4_8
100,0.75,50,100,0,4_8
100,0.75,50,1000,0,4_8
100,0.75,50,10000,0,4_8
200,0.0,1,100,0,4_8
200,0.0,1,1000,0,4_8
200,0.0,1,10000,0,4_8
200,0.0,10,100,0,4_8
200,0.0,10,1000,0,4_8
200,0.0,10,10000,0,4_8
200,0.0,50,100,0,4_8
200,0.0,50,1000,0,4_8
200,0.0,50,10000,0,4_8
200,0.25,1,100,0,4_8
200,0.25,1,1000,0,4_8
200,0.25,1,10000,0,4_8
200,0.25,10,100,0,4_8
200,0.25,10,1000,0,4_8
200,0.25,10,10000,0,4_8
200,0.25,50,100,0,4_8
200,0.25,50,1000,0,4_8
200,0.25,50,10000,0,4_8
200,0.5,1,100,0,4_8
200,0.5,1,1000,0,4_8
200,0.5,1,10000,0,4_8
200,0.5,10,100,0,4_8
200,0.5,10,1000,0,4_8
200,0.5,10,10000,0,4_8
200,0.5,50,100,0,4_8
200,0.5,50,1000,0,4_8
200,0.5,50,10000,0,4_8
200,0.75,1,100,0,4_8
200,0.75,1,1000,0,4_8
200,0.75,1,10000,0,4_8
200,0.75,10,100,0,4_8
200,0.75,10,1000,0,4_8
200,0.75,10,10000,0,4_8
200,0.75,50,100,0,4_8
200,0.75,50,1000,0,4_8
200,0.75,50,10000,0,4_8
300,0.0,1,100,0,4_8
300,0.0,1,1000,0,4_8
300,0.0,1,10000,0,4_8
300,0.0,10,100,0,4_8
300,0.0,10,1000,0,4_8
300,0.0,10,10000,0,4_8
300,0.0,50,100,0,4_8
300,0.0,50,1000,0,4_8
300,0.0,50,10000,0,4_8
300,0.25,1,100,0,4_8
300,0.25,1,1000,0,4_8
300,0.25,1,10000,0,4_8
300,0.25,10,100,0,4_8
300,0.25,10,1000,0,4_8
300,0.25,10,10000,0,4_8
300,0.25,50,100,0,4_8
300,0.25,50,1000,0,4_8
300,0.25,50,10000,0,4_8
300,0.5,1,100,0,4_8
300,0.5,1,1000,0,4_8
300,0.5,1,10000,0,4_8
300,0.5,10,100,0,4_8
300,0.5,10,1000,0,4_8
300,0.5,10,10000,0,4_8
300,0.5,50,100,0,4_8
300,0.5,50,1000,0,4_8
300,0.5,50,10000,0,4_8
300,0.75,1,100,0,4_8
300,0.75,1,1000,0,4_8
300,0.75,1,10000,0,4_8
300,0.75,10,100,0,4_8
300,0.75,10,1000,0,4_8
300,0.75,10,10000,0,4_8
300,0.75,50,100,0,4_8
300,0.75,50,1000,0,4_8
300,0.75,50,10000,0,4_8
400,0.0,1,100,0,4_8
400,0.0,1,1000,0,4_8
400,0.0,1,10000,0,4_8
400,0.0,10,100,0,4_8
400,0.0,10,1000,0,4_8
400,0.0,10,10000,0,4_8
400,0.0,50,100,0,4_8
400,0.0,50,1000,0,4_8
400,0.0,50,10000,0,4_8
400,0.25,1,100,0,4_8
400,0.25,1,1000,0,4_8
400,0.25,1,10000,0,4_8
400,0.25,10,100,0,4_8
400,0.25,10,1000,0,4_8
400,0.25,10,10000,0,4_8
400,0.25,50,100,0,4_8
400,0.25,50,1000,0,4_8
400,0.25,50,10000,0,4_8
400,0.5,1,100,0,4_8
400,0.5,1,1000,0,4_8
400,0.5,1,10000,0,4_8
400,0.5,10,100,0,4_8
400,0.5,10,1000,0,4_8
400,0.5,10,10000,0,4_8
400,0.5,50,100,0,4_8
400,0.5,50,1000,0,4_8
400,0.5,50,10000,0,4_8
400,0.75,1,100,0,4_8
400,0.75,1,1000,0,4_8
400,0.75,1,10000,0,4_8
400,0.75,10,100,0,4_8
400,0.75,10,1000,0,4_8
400,0.75,10,10000,0,4_8
400,0.75,50,100,0,4_8
400,0.75,50,1000,0,4_8
400,0.75,50,10000,0,4_8
500,0.0,1,100,0,4_8
500,0.0,1,1000,0,4_8
500,0.0,1,10000,0,4_8
500,0.0,10,100,0,4_8
500,0.0,10,1000,0,4_8
500,0.0,10,10000,0,4_8
500,0.0,50,100,0,4_8
500,0.0,50,1000,0,4_8
500,0.0,50,10000,0,4_8
500,0.25,1,100,0,4_8
500,0.25,1,1000,0,4_8
500,0.25,1,10000,0,4_8
500,0.25,10,100,0,4_8
500,0.25,10,1000,0,4_8
500,0.25,10,10000,0,4_8
500,0.25,50,100,0,4_8
500,0.25,50,1000,0,4_8
500,0.25,50,10000,0,4_8
500,0.5,1,100,0,4_8
500,0.5,1,1000,0,4_8
500,0.5,1,10000,0,4_8
500,0.5,10,100,0,4_8
500,0.5,10,1000,0,4_8
500,0.5,10,10000,0,4_8
500,0.5,50,100,0,4_8
500,0.5,50,1000,0,4_8
500,0.5,50,10000,0,4_8
500,0.75,1,100,0,4_8
500,0.75,1,1000,0,4_8
500,0.75,1,10000,0,4_8
500,0.75,10,100,0,4_8
500,0.75,10,1000,0,4_8
500,0.75,10,10000,0,4_8
500,0.75,50,100,0,4_8
500,0.75,50,1000,0,4_8
500,0.75,50,10000,0,4_8
750,0.0,1,100,0,4_8
750,0.0,1,1000,0,4_8
750,0.0,1,10000,0,4_8
750,0.0,10,100,0,4_8
750,0.0,10,1000,0,4_8
750,0.0,10,10000,0,4_8
750,0.0,50,100,0,4_8
750,0.0,50,1000,0,4_8
750,0.0,50,10000,0,4_8
750,0.25,1,100,0,4_8
750,0.25,1,1000,0,4_8
750,0.25,1,10000,0,4_8
750,0.25,10,100,0,4_8
750,0.25,10,1000,0,4_8
750,0.25,10,10000,0,4_8
750,0.25,50,100,0,4_8
750,0.25,50,1000,0,4_8
750,0.25,50,10000,0,4_8
750,0.5,1,100,0,4_8
750,0.5,1,1000,0,4_8
750,0.5,1,10000,0,4_8
750,0.5,10,100,0,4_8
750,0.5,10,1000,0,4_8
750,0.5,10,10000,0,4_8
750,0.5,50,100,0,4_8
750,0.5,50,1000,0,4_8
750,0.5,50,10000,0,4_8
750,0.75,1,100,0,4_8
750,0.75,1,1000,0,4_8
750,0.75,1,10000,0,4_8
750,0.75,10,100,0,4_8
750,0.75,10,1000,0,4_8
750,0.75,10,10000,0,4_8
750,0.75,50,100,0,4_8
750,0.75,50,1000,0,4_8
750,0.75,50,10000,0,4_8
1000,0.0,1,100,0,4_8
1000,0.0,1,1000,0,4_8
1000,0.0,1,10000,1,4_8
1000,0.0,10,100,0,4_8
1000,0.0,10,1000,0,4_8
1000,0.0,10,10000,0,4_8
1000,0.0,50,100,0,4_8
1000,0.0,50,1000,0,4_8
1000,0.0,50,10000,0,4_8
1000,0.25,1,100,0,4_8
1000,0.25,1,1000,0,4_8
1000,0.25,1,10000,0,4_8
1000,0.25,10,100,0,4_8
1000,0.25,10,1000,0,4_8
1000,0.25,10,10000,0,4_8
1000,0.25,50,100,0,4_8
1000,0.25,50,1000,0,4_8
1000,0.25,50,10000,0,4_8
1000,0.5,1,100,0,4_8
1000,0.5,1,1000,0,4_8
1000,0.5,1,10000,0,4_8
1000,0.5,10,100,0,4_8
1000,0.5,10,1000,0,4_8
1000,0.5,10,10000,0,4_8
1000,0.5,50,100,0,4_8
1000,0.5,50,1000,0,4_8
1000,0.5,50,10000,0,4_8
1000,0.75,1,100,0,4_8
1000,0.75,1,1000,0,4_8
1000,0.75,1,10000,0,4_8
1000,0.75,10,100,0,4_8
1000,0.75,10,1000,0,4_8
1000,0.75,10,10000,0,4_8
1000,0.75,50,100,0,4_8
1000,0.75,50,1000,0,4_8
1000,0.75,50,10000,0,4_8
2000,0.0,1,100,1,4_8
2000,0.0,1,1000,0,4_8
2000,0.0,1,10000,0,4_8
2000,0.0,10,100,0,4_8
2000,0.0,10,1000,0,4_8
2000,0.0,10,10000,0,4_8
2000,0.0,50,100,1,4_8
2000,0.0,50,1000,0,4_8
2000,0.0,50,10000,0,4_8
2000,0.25,1,100,0,4_8
2000,0.25,1,1000,0,4_8
2000,0.25,1,10000,0,4_8
2000,0.25,10,100,1,4_8
2000,0.25,10,1000,0,4_8
2000,0.25,10,10000,0,4_8
2000,0.25,50,100,0,4_8
2000,0.25,50,1000,0,4_8
2000,0.25,50,10000,0,4_8
2000,0.5,1,100,1,4_8
2000,0.5,1,1000,0,4_8
2000,0.5,1,10000,0,4_8
2000,0.5,10,100,0,4_8
2000,0.5,10,1000,0,4_8
2000,0.5,10,10000,0,4_8
2000,0.5,50,100,0,4_8
2000,0.5,50,1000,0,4_8
2000,0.5,50,10000,0,4_8
2000,0.75,1,100,0,4_8
2000,0.75,1,1000,0,4_8
2000,0.75,1,10000,1,4_8
2000,0.75,10,100,0,4_8
2000,0.75,10,1000,0,4_8
2000,0.75,10,10000,0,4_8
2000,0.75,50,100,0,4_8
2000,0.75,50,1000,0,4_8
2000,0.75,50,10000,1,4_8
3000,0.0,1,100,0,4_8
3000,0.0,1,1000,1,4_8
3000,0.0,1,10000,0,4_8
3000,0.0,10,100,1,4_8
3000,0.0,10,1000,0,4_8
3000,0.0,10,10000,1,4_8
3000,0.0,50,100,0,4_8
3000,0.0,50,1000,55,4_8
3000,0.0,50,10000,0,4_8
3000,0.25,1,100,1,4_8
3000,0.25,1,1000,0,4_8
3000,0.25,1,10000,1,4_8
3000,0.25,10,100,1,4_8
3000,0.25,10,1000,0,4_8
3000,0.25,10,10000,1,4_8
3000,0.25,50,100,0,4_8
3000,0.25,50,1000,1,4_8
3000,0.25,50,10000,0,4_8
3000,0.5,1,100,55,4_8
3000,0.5,1,1000,0,4_8
3000,0.5,1,10000,1,4_8
3000,0.5,10,100,0,4_8
3000,0.5,10,1000,0,4_8
3000,0.5,10,10000,1,4_8
3000,0.5,50,100,0,4_8
3000,0.5,50,1000,1,4_8
3000,0.5,50,10000,0,4_8
3000,0.75,1,100,1,4_8
3000,0.75,1,1000,0,4_8
3000,0.75,1,10000,55,4_8
3000,0.75,10,100,1,4_8
3000,0.75,10,1000,0,4_8
3000,0.75,10,10000,1,4_8
3000,0.75,50,100,0,4_8
3000,0.75,50,1000,1,4_8
3000,0.75,50,10000,0,4_8
4000,0.0,1,100,2,4_8
4000,0.0,1,1000,55,4_8
4000,0.0,1,10000,1,4_8
4000,0.0,10,100,1,4_8
4000,0.0,10,1000,2,4_8
4000,0.0,10,10000,1,4_8
4000,0.0,50,100,55,4_8
4000,0.0,50,1000,1,4_8
4000,0.0,50,10000,2,4_8
4000,0.25,1,100,1,4_8
4000,0.25,1,1000,1,4_8
4000,0.25,1,10000,55,4_8
4000,0.25,10,100,2,4_8
4000,0.25,10,1000,1,4_8
4000,0.25,10,10000,1,4_8
4000,0.25,50,100,1,4_8
4000,0.25,50,1000,56,4_8
4000,0.25,50,10000,1,4_8
4000,0.5,1,100,1,4_8
4000,0.5,1,1000,1,4_8
4000,0.5,1,10000,55,4_8
4000,0.5,10,100,1,4_8
4000,0.5,10,1000,1,4_8
4000,0.5,10,10000,2,4_8
4000,0.5,50,100,1,4_8
4000,0.5,50,1000,55,4_8
4000,0.5,50,10000,1,4_8
4000,0.75,1,100,1,4_8
4000,0.75,1,1000,1,4_8
4000,0.75,1,10000,1,4_8
4000,0.75,10,100,56,4_8
4000,0.75,10,1000,1,4_8
4000,0.75,10,10000,1,4_8
4000,0.75,50,100,1,4_8
4000,0.75,50,1000,55,4_8
4000,0.75,50,10000,1,4_8
5000,0.0,1,100,60,4_8
5000,0.0,1,1000,60,4_8
5000,0.0,1,10000,60,4_8
5000,0.0,10,100,60,4_8
5000,0.0,10,1000,60,4_8
5000,0.0,10,10000,60,4_8
5000,0.0,50,100,60,4_8
5000,0.0,50,1000,60,4_8
5000,0.0,50,10000,60,4_8
5000,0.25,1,100,60,4_8
5000,0.25,1,1000,60,4_8
5000,0.25,1,10000,60,4_8
5000,0.25,10,100,60,4_8
5000,0.25,10,1000,60,4_8
5000,0.25,10,10000,60,4_8
5000,0.25,50,100,60,4_8
5000,0.25,50,1000,60,4_8
5000,0.25,50,10000,60,4_8
5000,0.5,1,100,60,4_8
5000,0.5,1,1000,60,4_8
5000,0.5,1,10000,60,4_8
5000,0.5,10,100,60,4_8
5000,0.5,10,1000,60,4_8
5000,0.5,10,10000,60,4_8
5000,0.5,50,100,60,4_8
5000,0.5,50,1000,60,4_8
5000,0.5,50,10000,60,4_8
5000,0.75,1,100,60,4_8
5000,0.75,1,1000,59,4_8
5000,0.75,1,10000,60,4_8
5000,0.75,10,100,60,4_8
5000,0.75,10,1000,60,4_8
5000,0.75,10,10000,60,4_8
5000,0.75,50,100,60,4_8
5000,0.75,50,1000,60,4_8
5000,0.75,50,10000,60,4_8
7500,0.0,1,100,180,4_8
7500,0.0,1,1000,181,4_8
7500,0.0,1,10000,181,4_8
7500,0.0,10,100,235,4_8
7500,0.0,10,1000,181,4_8
7500,0.0,10,10000,181,4_8
7500,0.0,50,100,181,4_8
7500,0.0,50,1000,180,4_8
7500,0.0,50,10000,235,4_8
7500,0.25,1,100,181,4_8
7500,0.25,1,1000,181,4_8
7500,0.25,1,10000,181,4_8
7500,0.25,10,100,181,4_8
7500,0.25,10,1000,235,4_8
7500,0.25,10,10000,181,4_8
7500,0.25,50,100,181,4_8
7500,0.25,50,1000,181,4_8
7500,0.25,50,10000,235,4_8
7500,0.5,1,100,181,4_8
7500,0.5,1,1000,181,4_8
7500,0.5,1,10000,181,4_8
7500,0.5,10,100,181,4_8
7500,0.5,10,1000,181,4_8
7500,0.5,10,10000,181,4_8
7500,0.5,50,100,182,4_8
7500,0.5,50,1000,181,4_8
7500,0.5,50,10000,236,4_8
7500,0.75,1,100,182,4_8
7500,0.75,1,1000,182,4_8
7500,0.75,1,10000,236,4_8
7500,0.75,10,100,181,4_8
7500,0.75,10,1000,181,4_8
7500,0.75,10,10000,181,4_8
7500,0.75,50,100,182,4_8
7500,0.75,50,1000,236,4_8
7500,0.75,50,10000,182,4_8
10000,0.0,1,100,478,4_8
10000,0.0,1,1000,478,4_8
10000,0.0,1,10000,479,4_8
10000,0.0,10,100,425,4_8
10000,0.0,10,1000,424,4_8
10000,0.0,10,10000,479,4_8
10000,0.0,50,100,479,4_8
10000,0.0,50,1000,479,4_8
10000,0.0,50,10000,479,4_8
10000,0.25,1,100,479,4_8
10000,0.25,1,1000,478,4_8
10000,0.25,1,10000,479,4_8
10000,0.25,10,100,478,4_8
10000,0.25,10,1000,479,4_8
10000,0.25,10,10000,479,4_8
10000,0.25,50,100,479,4_8
10000,0.25,50,1000,479,4_8
10000,0.25,50,10000,425,4_8
10000,0.5,1,100,425,4_8
10000,0.5,1,1000,425,4_8
10000,0.5,1,10000,425,4_8
10000,0.5,10,100,424,4_8
10000,0.5,10,1000,479,4_8
10000,0.5,10,10000,479,4_8
10000,0.5,50,100,479,4_8
10000,0.5,50,1000,478,4_8
10000,0.5,50,10000,479,4_8
10000,0.75,1,100,479,4_8
10000,0.75,1,1000,479,4_8
10000,0.75,1,10000,478,4_8
10000,0.75,10,100,479,4_8
10000,0.75,10,1000,479,4_8
10000,0.75,10,10000,478,4_8
10000,0.75,50,100,479,4_8
10000,0.75,50,1000,479,4_8
10000,0.75,50,10000,479,4_8
12500,0.0,1,100,898,4_8
12500,0.0,1,1000,843,4_8
12500,0.0,1,10000,898,4_8
12500,0.0,10,100,898,4_8
12500,0.0,10,1000,898,4_8
12500,0.0,10,10000,898,4_8
12500,0.0,50,100,898,4_8
12500,0.0,50,1000,898,4_8
12500,0.0,50,10000,898,4_8
12500,0.25,1,100,843,4_8
12500,0.25,1,1000,899,4_8
12500,0.25,1,10000,900,4_8
12500,0.25,10,100,900,4_8
12500,0.25,10,1000,900,4_8
12500,0.25,10,10000,901,4_8
12500,0.25,50,100,898,4_8
12500,0.25,50,1000,897,4_8
12500,0.25,50,10000,843,4_8
12500,0.5,1,100,843,4_8
12500,0.5,1,1000,897,4_8
12500,0.5,1,10000,897,4_8
12500,0.5,10,100,897,4_8
12500,0.5,10,1000,898,4_8
12500,0.5,10,10000,844,4_8
12500,0.5,50,100,844,4_8
12500,0.5,50,1000,898,4_8
12500,0.5,50,10000,898,4_8
12500,0.75,1,100,898,4_8
12500,0.75,1,1000,897,4_8
12500,0.75,1,10000,841,4_8
12500,0.75,10,100,840,4_8
12500,0.75,10,1000,840,4_8
12500,0.75,10,10000,841,4_8
12500,0.75,50,100,841,4_8
12500,0.75,50,1000,841,4_8
12500,0.75,50,10000,841,4_8
100,0.0,1,100,0,8_8
100,0.0,1,1000,0,8_8
100,0.0,1,10000,0,8_8
100,0.0,10,100,0,8_8
100,0.0,10,1000,0,8_8
100,0.0,10,10000,0,8_8
100,0.0,50,100,1,8_8
100,0.0,50,1000,0,8_8
100,0.0,50,10000,0,8_8
100,0.25,1,100,0,8_8
100,0.25,1,1000,0,8_8
100,0.25,1,10000,0,8_8
100,0.25,10,100,0,8_8
100,0.25,10,1000,1,8_8
100,0.25,10,10000,0,8_8
100,0.25,50,100,0,8_8
100,0.25,50,1000,0,8_8
100,0.25,50,10000,0,8_8
100,0.5,1,100,0,8_8
100,0.5,1,1000,0,8_8
100,0.5,1,10000,1,8_8
100,0.5,10,100,0,8_8
100,0.5,10,1000,0,8_8
100,0.5,10,10000,0,8_8
100,0.5,50,100,0,8_8
100,0.5,50,1000,0,8_8
100,0.5,50,10000,0,8_8
100,0.75,1,100,1,8_8
100,0.75,1,1000,0,8_8
100,0.75,1,10000,0,8_8
100,0.75,10,100,0,8_8
100,0.75,10,1000,0,8_8
100,0.75,10,10000,0,8_8
100,0.75,50,100,0,8_8
100,0.75,50,1000,0,8_8
100,0.75,50,10000,1,8_8
200,0.0,1,100,0,8_8
200,0.0,1,1000,0,8_8
200,0.0,1,10000,0,8_8
200,0.0,10,100,0,8_8
200,0.0,10,1000,0,8_8
200,0.0,10,10000,55,8_8
200,0.0,50,100,0,8_8
200,0.0,50,1000,0,8_8
200,0.0,50,10000,0,8_8
200,0.25,1,100,0,8_8
200,0.25,1,1000,0,8_8
200,0.25,1,10000,0,8_8
200,0.25,10,100,1,8_8
200,0.25,10,1000,0,8_8
200,0.25,10,10000,0,8_8
200,0.25,50,100,0,8_8
200,0.25,50,1000,0,8_8
200,0.25,50,10000,0,8_8
200,0.5,1,100,0,8_8
200,0.5,1,1000,1,8_8
200,0.5,1,10000,0,8_8
200,0.5,10,100,0,8_8
200,0.5,10,1000,0,8_8
200,0.5,10,10000,0,8_8
200,0.5,50,100,0,8_8
200,0.5,50,1000,1,8_8
200,0.5,50,10000,0,8_8
200,0.75,1,100,0,8_8
200,0.75,1,1000,0,8_8
200,0.75,1,10000,0,8_8
200,0.75,10,100,0,8_8
200,0.75,10,1000,0,8_8
200,0.75,10,10000,1,8_8
200,0.75,50,100,0,8_8
200,0.75,50,1000,0,8_8
200,0.75,50,10000,0,8_8
300,0.0,1,100,0,8_8
300,0.0,1,1000,0,8_8
300,0.0,1,10000,1,8_8
300,0.0,10,100,0,8_8
300,0.0,10,1000,0,8_8
300,0.0,10,10000,0,8_8
300,0.0,50,100,0,8_8
300,0.0,50,1000,0,8_8
300,0.0,50,10000,55,8_8
300,0.25,1,100,0,8_8
300,0.25,1,1000,0,8_8
300,0.25,1,10000,0,8_8
300,0.25,10,100,0,8_8
300,0.25,10,1000,0,8_8
300,0.25,10,10000,1,8_8
300,0.25,50,100,0,8_8
300,0.25,50,1000,0,8_8
300,0.25,50,10000,0,8_8
300,0.5,1,100,0,8_8
300,0.5,1,1000,0,8_8
300,0.5,1,10000,0,8_8
300,0.5,10,100,1,8_8
300,0.5,10,1000,0,8_8
300,0.5,10,10000,0,8_8
300,0.5,50,100,0,8_8
300,0.5,50,1000,0,8_8
300,0.5,50,10000,0,8_8
300,0.75,1,100,1,8_8
300,0.75,1,1000,0,8_8
300,0.75,1,10000,0,8_8
300,0.75,10,100,0,8_8
300,0.75,10,1000,0,8_8
300,0.75,10,10000,0,8_8
300,0.75,50,100,1,8_8
300,0.75,50,1000,0,8_8
300,0.75,50,10000,0,8_8
400,0.0,1,100,0,8_8
400,0.0,1,1000,0,8_8
400,0.0,1,10000,0,8_8
400,0.0,10,100,1,8_8
400,0.0,10,1000,0,8_8
400,0.0,10,10000,0,8_8
400,0.0,50,100,0,8_8
400,0.0,50,1000,0,8_8
400,0.0,50,10000,0,8_8
400,0.25,1,100,0,8_8
400,0.25,1,1000,55,8_8
400,0.25,1,10000,0,8_8
400,0.25,10,100,0,8_8
400,0.25,10,1000,0,8_8
400,0.25,10,10000,0,8_8
400,0.25,50,100,0,8_8
400,0.25,50,1000,1,8_8
400,0.25,50,10000,0,8_8
400,0.5,1,100,0,8_8
400,0.5,1,1000,0,8_8
400,0.5,1,10000,0,8_8
400,0.5,10,100,0,8_8
400,0.5,10,1000,1,8_8
400,0.5,10,10000,0,8_8
400,0.5,50,100,0,8_8
400,0.5,50,1000,0,8_8
400,0.5,50,10000,0,8_8
400,0.75,1,100,0,8_8
400,0.75,1,1000,1,8_8
400,0.75,1,10000,0,8_8
400,0.75,10,100,0,8_8
400,0.75,10,1000,0,8_8
400,0.75,10,10000,0,8_8
400,0.75,50,100,0,8_8
400,0.75,50,1000,1,8_8
400,0.75,50,10000,0,8_8
500,0.0,1,100,0,8_8
500,0.0,1,1000,0,8_8
500,0.0,1,10000,0,8_8
500,0.0,10,100,0,8_8
500,0.0,10,1000,0,8_8
500,0.0,10,10000,1,8_8
500,0.0,50,100,0,8_8
500,0.0,50,1000,0,8_8
500,0.0,50,10000,0,8_8
500,0.25,1,100,0,8_8
500,0.25,1,1000,0,8_8
500,0.25,1,10000,0,8_8
500,0.25,10,100,55,8_8
500,0.25,10,1000,0,8_8
500,0.25,10,10000,0,8_8
500,0.25,50,100,0,8_8
500,0.25,50,1000,0,8_8
500,0.25,50,10000,0,8_8
500,0.5,1,100,0,8_8
500,0.5,1,1000,1,8_8
500,0.5,1,10000,0,8_8
500,0.5,10,100,0,8_8
500,0.5,10,1000,0,8_8
500,0.5,10,10000,0,8_8
500,0.5,50,100,0,8_8
500,0.5,50,1000,0,8_8
500,0.5,50,10000,1,8_8
500,0.75,1,100,0,8_8
500,0.75,1,1000,0,8_8
500,0.75,1,10000,0,8_8
500,0.75,10,100,0,8_8
500,0.75,10,1000,0,8_8
500,0.75,10,10000,1,8_8
500,0.75,50,100,0,8_8
500,0.75,50,1000,0,8_8
500,0.75,50,10000,0,8_8
750,0.0,1,100,0,8_8
750,0.0,1,1000,0,8_8
750,0.0,1,10000,0,8_8
750,0.0,10,100,1,8_8
750,0.0,10,1000,0,8_8
750,0.0,10,10000,0,8_8
750,0.0,50,100,0,8_8
750,0.0,50,1000,0,8_8
750,0.0,50,10000,0,8_8
750,0.25,1,100,0,8_8
750,0.25,1,1000,1,8_8
750,0.25,1,10000,0,8_8
750,0.25,10,100,0,8_8
750,0.25,10,1000,0,8_8
750,0.25,10,10000,0,8_8
750,0.25,50,100,0,8_8
750,0.25,50,1000,0,8_8
750,0.25,50,10000,55,8_8
750,0.5,1,100,0,8_8
750,0.5,1,1000,0,8_8
750,0.5,1,10000,0,8_8
750,0.5,10,100,0,8_8
750,0.5,10,1000,0,8_8
750,0.5,10,10000,0,8_8
750,0.5,50,100,1,8_8
750,0.5,50,1000,0,8_8
750,0.5,50,10000,0,8_8
750,0.75,1,100,0,8_8
750,0.75,1,1000,0,8_8
750,0.75,1,10000,0,8_8
750,0.75,10,100,0,8_8
750,0.75,10,1000,1,8_8
750,0.75,10,10000,0,8_8
750,0.75,50,100,0,8_8
750,0.75,50,1000,0,8_8
750,0.75,50,10000,0,8_8
1000,0.0,1,100,0,8_8
1000,0.0,1,1000,0,8_8
1000,0.0,1,10000,1,8_8
1000,0.0,10,100,0,8_8
1000,0.0,10,1000,0,8_8
1000,0.0,10,10000,0,8_8
1000,0.0,50,100,0,8_8
1000,0.0,50,1000,0,8_8
1000,0.0,50,10000,1,8_8
1000,0.25,1,100,0,8_8
1000,0.25,1,1000,0,8_8
1000,0.25,1,10000,0,8_8
1000,0.25,10,100,0,8_8
1000,0.25,10,1000,0,8_8
1000,0.25,10,10000,0,8_8
1000,0.25,50,100,1,8_8
1000,0.25,50,1000,0,8_8
1000,0.25,50,10000,0,8_8
1000,0.5,1,100,0,8_8
1000,0.5,1,1000,0,8_8
1000,0.5,1,10000,0,8_8
1000,0.5,10,100,55,8_8
1000,0.5,10,1000,0,8_8
1000,0.5,10,10000,0,8_8
1000,0.5,50,100,0,8_8
1000,0.5,50,1000,0,8_8
1000,0.5,50,10000,0,8_8
1000,0.75,1,100,1,8_8
1000,0.75,1,1000,0,8_8
1000,0.75,1,10000,0,8_8
1000,0.75,10,100,0,8_8
1000,0.75,10,1000,0,8_8
1000,0.75,10,10000,0,8_8
1000,0.75,50,100,0,8_8
1000,0.75,50,1000,1,8_8
1000,0.75,50,10000,0,8_8
2000,0.0,1,100,0,8_8
2000,0.0,1,1000,0,8_8
2000,0.0,1,10000,0,8_8
2000,0.0,10,100,0,8_8
2000,0.0,10,1000,0,8_8
2000,0.0,10,10000,1,8_8
2000,0.0,50,100,0,8_8
2000,0.0,50,1000,0,8_8
2000,0.0,50,10000,1,8_8
2000,0.25,1,100,0,8_8
2000,0.25,1,1000,55,8_8
2000,0.25,1,10000,0,8_8
2000,0.25,10,100,0,8_8
2000,0.25,10,1000,1,8_8
2000,0.25,10,10000,0,8_8
2000,0.25,50,100,0,8_8
2000,0.25,50,1000,1,8_8
2000,0.25,50,10000,0,8_8
2000,0.5,1,100,0,8_8
2000,0.5,1,1000,1,8_8
2000,0.5,1,10000,0,8_8
2000,0.5,10,100,0,8_8
2000,0.5,10,1000,1,8_8
2000,0.5,10,10000,0,8_8
2000,0.5,50,100,1,8_8
2000,0.5,50,1000,0,8_8
2000,0.5,50,10000,0,8_8
2000,0.75,1,100,55,8_8
2000,0.75,1,1000,0,8_8
2000,0.75,1,10000,0,8_8
2000,0.75,10,100,1,8_8
2000,0.75,10,1000,0,8_8
2000,0.75,10,10000,1,8_8
2000,0.75,50,100,0,8_8
2000,0.75,50,1000,0,8_8
2000,0.75,50,10000,1,8_8
3000,0.0,1,100,0,8_8
3000,0.0,1,1000,1,8_8
3000,0.0,1,10000,1,8_8
3000,0.0,10,100,55,8_8
3000,0.0,10,1000,1,8_8
3000,0.0,10,10000,0,8_8
3000,0.0,50,100,0,8_8
3000,0.0,50,1000,1,8_8
3000,0.0,50,10000,1,8_8
3000,0.25,1,100,1,8_8
3000,0.25,1,1000,0,8_8
3000,0.25,1,10000,55,8_8
3000,0.25,10,100,1,8_8
3000,0.25,10,1000,1,8_8
3000,0.25,10,10000,1,8_8
3000,0.25,50,100,0,8_8
3000,0.25,50,1000,1,8_8
3000,0.25,50,10000,1,8_8
3000,0.5,1,100,55,8_8
3000,0.5,1,1000,0,8_8
3000,0.5,1,10000,0,8_8
3000,0.5,10,100,1,8_8
3000,0.5,10,1000,1,8_8
3000,0.5,10,10000,1,8_8
3000,0.5,50,100,0,8_8
3000,0.5,50,1000,1,8_8
3000,0.5,50,10000,55,8_8
3000,0.75,1,100,1,8_8
3000,0.75,1,1000,0,8_8
3000,0.75,1,10000,0,8_8
3000,0.75,10,100,1,8_8
3000,0.75,10,1000,1,8_8
3000,0.75,10,10000,1,8_8
3000,0.75,50,100,0,8_8
3000,0.75,50,1000,55,8_8
3000,0.75,50,10000,1,8_8
4000,0.0,1,100,1,8_8
4000,0.0,1,1000,2,8_8
4000,0.0,1,10000,56,8_8
4000,0.0,10,100,1,8_8
4000,0.0,10,1000,2,8_8
4000,0.0,10,10000,2,8_8
4000,0.0,50,100,56,8_8
4000,0.0,50,1000,1,8_8
4000,0.0,50,10000,2,8_8
4000,0.25,1,100,56,8_8
4000,0.25,1,1000,1,8_8
4000,0.25,1,10000,1,8_8
4000,0.25,10,100,2,8_8
4000,0.25,10,1000,56,8_8
4000,0.25,10,10000,1,8_8
4000,0.25,50,100,2,8_8
4000,0.25,50,1000,56,8_8
4000,0.25,50,10000,1,8_8
4000,0.5,1,100,1,8_8
4000,0.5,1,1000,2,8_8
4000,0.5,1,10000,56,8_8
4000,0.5,10,100,1,8_8
4000,0.5,10,1000,1,8_8
4000,0.5,10,10000,57,8_8
4000,0.5,50,100,1,8_8
4000,0.5,50,1000,1,8_8
4000,0.5,50,10000,56,8_8
4000,0.75,1,100,2,8_8
4000,0.75,1,1000,1,8_8
4000,0.75,1,10000,2,8_8
4000,0.75,10,100,56,8_8
4000,0.75,10,1000,2,8_8
4000,0.75,10,10000,1,8_8
4000,0.75,50,100,56,8_8
4000,0.75,50,1000,2,8_8
4000,0.75,50,10000,1,8_8
5000,0.0,1,100,57,8_8
5000,0.0,1,1000,3,8_8
5000,0.0,1,10000,57,8_8
5000,0.0,10,100,58,8_8
5000,0.0,10,1000,3,8_8
5000,0.0,10,10000,58,8_8
5000,0.0,50,100,3,8_8
5000,0.0,50,1000,57,8_8
5000,0.0,50,10000,4,8_8
5000,0.25,1,100,57,8_8
5000,0.25,1,1000,3,8_8
5000,0.25,1,10000,58,8_8
5000,0.25,10,100,57,8_8
5000,0.25,10,1000,3,8_8
5000,0.25,10,10000,57,8_8
5000,0.25,50,100,3,8_8
5000,0.25,50,1000,57,8_8
5000,0.25,50,10000,3,8_8
5000,0.5,1,100,57,8_8
5000,0.5,1,1000,3,8_8
5000,0.5,1,10000,58,8_8
5000,0.5,10,100,3,8_8
5000,0.5,10,1000,57,8_8
5000,0.5,10,10000,58,8_8
5000,0.5,50,100,3,8_8
5000,0.5,50,1000,3,8_8
5000,0.5,50,10000,57,8_8
5000,0.75,1,100,3,8_8
5000,0.75,1,1000,57,8_8
5000,0.75,1,10000,3,8_8
5000,0.75,10,100,57,8_8
5000,0.75,10,1000,3,8_8
5000,0.75,10,10000,57,8_8
5000,0.75,50,100,3,8_8
5000,0.75,50,1000,57,8_8
5000,0.75,50,10000,3,8_8
7500,0.0,1,100,64,8_8
7500,0.0,1,1000,118,8_8
7500,0.0,1,10000,118,8_8
7500,0.0,10,100,119,8_8
7500,0.0,10,1000,64,8_8
7500,0.0,10,10000,64,8_8
7500,0.0,50,100,119,8_8
7500,0.0,50,1000,118,8_8
7500,0.0,50,10000,118,8_8
7500,0.25,1,100,63,8_8
7500,0.25,1,1000,118,8_8
7500,0.25,1,10000,119,8_8
7500,0.25,10,100,119,8_8
7500,0.25,10,1000,64,8_8
7500,0.25,10,10000,119,8_8
7500,0.25,50,100,118,8_8
7500,0.25,50,1000,119,8_8
7500,0.25,50,10000,64,8_8
7500,0.5,1,100,119,8_8
7500,0.5,1,1000,119,8_8
7500,0.5,1,10000,119,8_8
7500,0.5,10,100,119,8_8
7500,0.5,10,1000,119,8_8
7500,0.5,10,10000,4,8_8
7500,0.5,50,100,4,8_8
7500,0.5,50,1000,59,8_8
7500,0.5,50,10000,58,8_8
7500,0.75,1,100,58,8_8
7500,0.75,1,1000,4,8_8
7500,0.75,1,10000,59,8_8
7500,0.75,10,100,58,8_8
7500,0.75,10,1000,58,8_8
7500,0.75,10,10000,59,8_8
7500,0.75,50,100,5,8_8
7500,0.75,50,1000,58,8_8
7500,0.75,50,10000,58,8_8
10000,0.0,1,100,120,8_8
10000,0.0,1,1000,119,8_8
10000,0.0,1,10000,120,8_8
10000,0.0,10,100,121,8_8
10000,0.0,10,1000,119,8_8
10000,0.0,10,10000,119,8_8
10000,0.0,50,100,119,8_8
10000,0.0,50,1000,119,8_8
10000,0.0,50,10000,65,8_8
10000,0.25,1,100,120,8_8
10000,0.25,1,1000,119,8_8
10000,0.25,1,10000,120,8_8
10000,0.25,10,100,64,8_8
10000,0.25,10,1000,119,8_8
10000,0.25,10,10000,120,8_8
10000,0.25,50,100,120,8_8
10000,0.25,50,1000,119,8_8
10000,0.25,50,10000,119,8_8
10000,0.5,1,100,118,8_8
10000,0.5,1,1000,119,8_8
10000,0.5,1,10000,119,8_8
10000,0.5,10,100,64,8_8
10000,0.5,10,1000,65,8_8
10000,0.5,10,10000,119,8_8
10000,0.5,50,100,118,8_8
10000,0.5,50,1000,119,8_8
10000,0.5,50,10000,118,8_8
10000,0.75,1,100,118,8_8
10000,0.75,1,1000,64,8_8
10000,0.75,1,10000,64,8_8
10000,0.75,10,100,118,8_8
10000,0.75,10,1000,118,8_8
10000,0.75,10,10000,6597,8_8
10000,0.75,50,100,11460,8_8
10000,0.75,50,1000,28621,8_8
10000,0.75,50,10000,10745,8_8
12500,0.0,1,100,596,8_8
12500,0.0,1,1000,602,8_8
12500,0.0,1,10000,656,8_8
12500,0.0,10,100,599,8_8
12500,0.0,10,1000,598,8_8
12500,0.0,10,10000,542,8_8
12500,0.0,50,100,541,8_8
12500,0.0,50,1000,540,8_8
12500,0.0,50,10000,483,8_8
12500,0.25,1,100,540,8_8
12500,0.25,1,1000,539,8_8
12500,0.25,1,10000,537,8_8
12500,0.25,10,100,599,8_8
12500,0.25,10,1000,484,8_8
12500,0.25,10,10000,599,8_8
12500,0.25,50,100,598,8_8
12500,0.25,50,1000,540,8_8
12500,0.25,50,10000,478,8_8
12500,0.5,1,100,478,8_8
12500,0.5,1,1000,537,8_8
12500,0.5,1,10000,539,8_8
12500,0.5,10,100,484,8_8
12500,0.5,10,1000,598,8_8
12500,0.5,10,10000,601,8_8
12500,0.5,50,100,485,8_8
12500,0.5,50,1000,542,8_8
12500,0.5,50,10000,599,8_8
12500,0.75,1,100,597,8_8
12500,0.75,1,1000,363,8_8
12500,0.75,1,10000,241,8_8
12500,0.75,10,100,237,8_8
12500,0.75,10,1000,184,8_8
12500,0.75,10,10000,241,8_8
12500,0.75,50,100,239,8_8
12500,0.75,50,1000,240,8_8
12500,0.75,50,10000,241,8_8
